__time,/output_std/data[0],/output_std/data[1],/output_std/layout/data_offset,/time/data
1706898890.438653,0.010000000,0.000000000,0.000000000,
1706898890.438713,,,,0.020000000
1706898890.448738,0.019900000,0.000100000,0.000000000,
1706898890.448804,,,,0.030000000
1706898890.458749,0.029691000,0.000299000,0.000000000,
1706898890.458814,,,,0.040000000
1706898890.468868,0.039364190,0.000595910,0.000000000,
1706898890.468919,,,,0.050000000
1706898890.478847,0.048910957,0.000989552,0.000000000,
1706898890.478917,,,,0.060000000
1706898890.488580,0.058322892,0.001478661,0.000000000,
1706898890.488616,,,,0.070000000
1706898890.498704,0.067591797,0.002061890,0.000000000,
1706898890.498783,,,,0.080000000
1706898890.509072,0.076709690,0.002737808,0.000000000,
1706898890.509170,,,,0.090000000
1706898890.518765,0.085668813,0.003504905,0.000000000,
1706898890.518848,,,,0.100000000
1706898890.528721,0.094461634,0.004361593,0.000000000,
1706898890.528775,,,,0.110000000
1706898890.538978,0.103080858,0.005306210,0.000000000,
1706898890.539049,,,,0.120000000
1706898890.548851,0.111519429,0.006337018,0.000000000,
1706898890.548918,,,,0.130000000
1706898890.558736,0.119770533,0.007452213,0.000000000,
1706898890.558795,,,,0.140000000
1706898890.568629,0.127827606,0.008649918,0.000000000,
1706898890.568666,,,,0.150000000
1706898890.578687,0.135684338,0.009928194,0.000000000,
1706898890.578720,,,,0.160000000
1706898890.588833,0.143334675,0.011285037,0.000000000,
1706898890.588897,,,,0.170000000
1706898890.598954,0.150772825,0.012718384,0.000000000,
1706898890.599026,,,,0.180000000
1706898890.608690,0.157993258,0.014226112,0.000000000,
1706898890.608731,,,,0.190000000
1706898890.618973,0.164990714,0.015806045,0.000000000,
1706898890.619048,,,,0.200000000
1706898890.628819,0.171760203,0.017455952,0.000000000,
1706898890.628876,,,,0.210000000
1706898890.638940,0.178297005,0.019173554,0.000000000,
1706898890.639008,,,,0.220000000
1706898890.648946,0.184596680,0.020956524,0.000000000,
1706898890.649062,,,,0.230000000
1706898890.658755,0.190655061,0.022802491,0.000000000,
1706898890.658830,,,,0.240000000
1706898890.668780,0.196468261,0.024709042,0.000000000,
1706898890.668850,,,,0.250000000
1706898890.678832,0.202032674,0.026673724,0.000000000,
1706898890.678888,,,,0.260000000
1706898890.688906,0.207344975,0.028694051,0.000000000,
1706898890.688981,,,,0.270000000
1706898890.698916,0.212402120,0.030767501,0.000000000,
1706898890.698991,,,,0.280000000
1706898890.708820,0.217201349,0.032891522,0.000000000,
1706898890.708881,,,,0.290000000
1706898890.719011,0.221740183,0.035063535,0.000000000,
1706898890.719105,,,,0.300000000
1706898890.728714,0.226016428,0.037280937,0.000000000,
1706898890.728771,,,,0.310000000
1706898890.738921,0.230028170,0.039541101,0.000000000,
1706898890.738998,,,,0.320000000
1706898890.748919,0.233773778,0.041841383,0.000000000,
1706898890.748993,,,,0.330000000
1706898890.758562,0.237251902,0.044179121,0.000000000,
1706898890.758594,,,,0.340000000
1706898890.768827,0.240461471,0.046551640,0.000000000,
1706898890.768879,,,,0.350000000
1706898890.778731,0.243401692,0.048956255,0.000000000,
1706898890.778783,,,,0.360000000
1706898890.788956,0.246072050,0.051390272,0.000000000,
1706898890.789011,,,,0.370000000
1706898890.798962,0.248472302,0.053850992,0.000000000,
1706898890.799017,,,,0.380000000
1706898890.808730,0.250602480,0.056335715,0.000000000,
1706898890.808772,,,,0.390000000
1706898890.818688,0.252462884,0.058841740,0.000000000,
1706898890.818734,,,,0.400000000
1706898890.828629,0.254054081,0.061366369,0.000000000,
1706898890.828671,,,,0.410000000
1706898890.838603,0.255376903,0.063906910,0.000000000,
1706898890.838637,,,,0.420000000
1706898890.849000,0.256432443,0.066460679,0.000000000,
1706898890.849100,,,,0.430000000
1706898890.858750,0.257222051,0.069025003,0.000000000,
1706898890.858796,,,,0.440000000
1706898890.868885,0.257747330,0.071597224,0.000000000,
1706898890.868940,,,,0.450000000
1706898890.878757,0.258010134,0.074174697,0.000000000,
1706898890.878803,,,,0.460000000
1706898890.889026,0.258012563,0.076754798,0.000000000,
1706898890.889091,,,,0.470000000
1706898890.898758,0.257756958,0.079334924,0.000000000,
1706898890.898803,,,,0.480000000
1706898890.908899,0.257245896,0.081912493,0.000000000,
1706898890.908941,,,,0.490000000
1706898890.918726,0.256482188,0.084484952,0.000000000,
1706898890.918778,,,,0.500000000
1706898890.928648,0.255468870,0.087049774,0.000000000,
1706898890.928684,,,,0.510000000
1706898890.938832,0.254209204,0.089604463,0.000000000,
1706898890.938895,,,,0.520000000
1706898890.948827,0.252706666,0.092146555,0.000000000,
1706898890.948888,,,,0.530000000
1706898890.958706,0.250964944,0.094673622,0.000000000,
1706898890.958751,,,,0.540000000
1706898890.968695,0.248987932,0.097183271,0.000000000,
1706898890.968729,,,,0.550000000
1706898890.978704,0.246779726,0.099673150,0.000000000,
1706898890.978750,,,,0.560000000
1706898890.988898,0.244344614,0.102140948,0.000000000,
1706898890.988964,,,,0.570000000
1706898890.998951,0.241687073,0.104584394,0.000000000,
1706898890.999001,,,,0.580000000
1706898891.008741,0.238811762,0.107001265,0.000000000,
1706898891.008783,,,,0.590000000
1706898891.018670,0.235723518,0.109389382,0.000000000,
1706898891.018709,,,,0.600000000
1706898891.028682,0.232427345,0.111746617,0.000000000,
1706898891.028710,,,,0.610000000
1706898891.038682,0.228928410,0.114070891,0.000000000,
1706898891.038719,,,,0.620000000
1706898891.048887,0.225232037,0.116360175,0.000000000,
1706898891.048959,,,,0.630000000
1706898891.058700,0.221343699,0.118612495,0.000000000,
1706898891.058749,,,,0.640000000
1706898891.068921,0.217269012,0.120825932,0.000000000,
1706898891.068963,,,,0.650000000
1706898891.078901,0.213013729,0.122998622,0.000000000,
1706898891.078947,,,,0.660000000
1706898891.088794,0.208583729,0.125128760,0.000000000,
1706898891.088835,,,,0.670000000
1706898891.099001,0.203985016,0.127214597,0.000000000,
1706898891.099076,,,,0.680000000
1706898891.108727,0.199223706,0.129254447,0.000000000,
1706898891.108768,,,,0.690000000
1706898891.118619,0.194306025,0.131246684,0.000000000,
1706898891.118661,,,,0.700000000
1706898891.128701,0.189238296,0.133189744,0.000000000,
1706898891.128787,,,,0.710000000
1706898891.138569,0.184026938,0.135082127,0.000000000,
1706898891.138598,,,,0.720000000
1706898891.148711,0.178678456,0.136922397,0.000000000,
1706898891.148772,,,,0.730000000
1706898891.158666,0.173199432,0.138709181,0.000000000,
1706898891.158715,,,,0.740000000
1706898891.168911,0.167596520,0.140441176,0.000000000,
1706898891.168985,,,,0.750000000
1706898891.178639,0.161876437,0.142117141,0.000000000,
1706898891.178678,,,,0.760000000
1706898891.188860,0.156045958,0.143735905,0.000000000,
1706898891.188901,,,,0.770000000
1706898891.198774,0.150111908,0.145296365,0.000000000,
1706898891.198831,,,,0.780000000
1706898891.208671,0.144081153,0.146797484,0.000000000,
1706898891.208712,,,,0.790000000
1706898891.218642,0.137960593,0.148238295,0.000000000,
1706898891.218688,,,,0.800000000
1706898891.228602,0.131757157,0.149617901,0.000000000,
1706898891.228637,,,,0.810000000
1706898891.238615,0.125477796,0.150935473,0.000000000,
1706898891.238656,,,,0.820000000
1706898891.248600,0.119129470,0.152190251,0.000000000,
1706898891.248648,,,,0.830000000
1706898891.258868,0.112719151,0.153381546,0.000000000,
1706898891.258955,,,,0.840000000
1706898891.268646,0.106253805,0.154508737,0.000000000,
1706898891.268703,,,,0.850000000
1706898891.278521,0.099740393,0.155571275,0.000000000,
1706898891.278553,,,,0.860000000
1706898891.288755,0.093185861,0.156568679,0.000000000,
1706898891.288806,,,,0.870000000
1706898891.298662,0.086597135,0.157500538,0.000000000,
1706898891.298705,,,,0.880000000
1706898891.308818,0.079981110,0.158366509,0.000000000,
1706898891.308887,,,,0.890000000
1706898891.318660,0.073344648,0.159166320,0.000000000,
1706898891.318701,,,,0.900000000
1706898891.328775,0.066694569,0.159899767,0.000000000,
1706898891.328831,,,,0.910000000
1706898891.338657,0.060037647,0.160566712,0.000000000,
1706898891.338697,,,,0.920000000
1706898891.349334,0.053380599,0.161167089,0.000000000,
1706898891.349369,,,,0.930000000
1706898891.359034,0.046730084,0.161700895,0.000000000,
1706898891.359084,,,,0.940000000
1706898891.368753,0.040092694,0.162168196,0.000000000,
1706898891.368818,,,,0.950000000
1706898891.378746,0.033474948,0.162569123,0.000000000,
1706898891.378787,,,,0.960000000
1706898891.388648,0.026883286,0.162903872,0.000000000,
1706898891.388686,,,,0.970000000
1706898891.398571,0.020324066,0.163172705,0.000000000,
1706898891.398617,,,,0.980000000
1706898891.408767,0.013803555,0.163375946,0.000000000,
1706898891.408830,,,,0.990000000
1706898891.418612,0.007327924,0.163513981,0.000000000,
1706898891.418653,,,,1.000000000
1706898891.428537,0.000903247,0.163587260,0.000000000,
1706898891.428584,,,,1.010000000
1706898891.438743,-0.005464511,0.163596293,0.000000000,
1706898891.438816,,,,1.020000000
1706898891.448607,-0.011769496,0.163541648,0.000000000,
1706898891.448658,,,,1.030000000
1706898891.458701,-0.018005965,0.163423953,0.000000000,
1706898891.458745,,,,1.040000000
1706898891.468916,-0.024168301,0.163243893,0.000000000,
1706898891.468996,,,,1.050000000
1706898891.478714,-0.030251007,0.163002210,0.000000000,
1706898891.478769,,,,1.060000000
1706898891.488565,-0.036248718,0.162699700,0.000000000,
1706898891.488603,,,,1.070000000
1706898891.498753,,,,1.080000000
1706898891.498828,-0.042156201,0.162337213,0.000000000,
1706898891.508614,-0.047968360,0.161915651,0.000000000,
1706898891.508658,,,,1.090000000
1706898891.518627,-0.053680242,0.161435967,0.000000000,
1706898891.518685,,,,1.100000000
1706898891.528551,-0.059287036,0.160899165,0.000000000,
1706898891.528585,,,,1.110000000
1706898891.538571,-0.064784082,0.160306294,0.000000000,
1706898891.538614,,,,1.120000000
1706898891.548770,-0.070166871,0.159658454,0.000000000,
1706898891.548827,,,,1.130000000
1706898891.558560,-0.075431047,0.158956785,0.000000000,
1706898891.558598,,,,1.140000000
1706898891.568846,-0.080572415,0.158202474,0.000000000,
1706898891.568908,,,,1.150000000
1706898891.579071,-0.085586939,0.157396750,0.000000000,
1706898891.579149,,,,1.160000000
1706898891.588827,-0.090470744,0.156540881,0.000000000,
1706898891.588870,,,,1.170000000
1706898891.598908,-0.095220125,0.155636173,0.000000000,
1706898891.598967,,,,1.180000000
1706898891.608691,-0.099831541,0.154683972,0.000000000,
1706898891.608727,,,,1.190000000
1706898891.618835,-0.104301623,0.153685657,0.000000000,
1706898891.618905,,,,1.200000000
1706898891.628743,-0.108627172,0.152642641,0.000000000,
1706898891.628795,,,,1.210000000
1706898891.638987,-0.112805165,0.151556369,0.000000000,
1706898891.639052,,,,1.220000000
1706898891.648988,-0.116832750,0.150428317,0.000000000,
1706898891.649060,,,,1.230000000
1706898891.658701,-0.120707254,0.149259990,0.000000000,
1706898891.658752,,,,1.240000000
1706898891.669230,-0.124426181,0.148052917,0.000000000,
1706898891.669294,,,,1.250000000
1706898891.678839,-0.127987210,0.146808655,0.000000000,
1706898891.678897,,,,1.260000000
1706898891.688876,-0.131388204,0.145528783,0.000000000,
1706898891.688928,,,,1.270000000
1706898891.698609,-0.134627200,0.144214901,0.000000000,
1706898891.698649,,,,1.280000000
1706898891.708610,-0.137702418,0.142868629,0.000000000,
1706898891.708652,,,,1.290000000
1706898891.718660,-0.140612257,0.141491605,0.000000000,
1706898891.718728,,,,1.300000000
1706898891.728591,-0.143355295,0.140085482,0.000000000,
1706898891.728630,,,,1.310000000
1706898891.738577,-0.145930290,0.138651929,0.000000000,
1706898891.738616,,,,1.320000000
1706898891.748489,-0.148336180,0.137192627,0.000000000,
1706898891.748527,,,,1.330000000
1706898891.759157,,,,1.340000000
1706898891.759218,-0.150572081,0.135709265,0.000000000,
1706898891.768520,,,,1.350000000
1706898891.768550,-0.152637287,0.134203544,0.000000000,
1706898891.779181,-0.154531268,0.132677171,0.000000000,
1706898891.779225,,,,1.360000000
1706898891.788667,-0.156253673,0.131131858,0.000000000,
1706898891.788708,,,,1.370000000
1706898891.798601,-0.157804322,0.129569322,0.000000000,
1706898891.798640,,,,1.380000000
1706898891.808667,-0.159183211,0.127991278,0.000000000,
1706898891.808703,,,,1.390000000
1706898891.818614,-0.160390507,0.126399446,0.000000000,
1706898891.818651,,,,1.400000000
1706898891.828711,-0.161426546,0.124795541,0.000000000,
1706898891.828782,,,,1.410000000
1706898891.838909,-0.162291835,0.123181276,0.000000000,
1706898891.839104,,,,1.420000000
1706898891.848632,-0.162987044,0.121558357,0.000000000,
1706898891.848678,,,,1.430000000
1706898891.858698,-0.163513009,0.119928487,0.000000000,
1706898891.858746,,,,1.440000000
1706898891.868658,-0.163870728,0.118293357,0.000000000,
1706898891.868698,,,,1.450000000
1706898891.878705,-0.164061356,0.116654650,0.000000000,
1706898891.878770,,,,1.460000000
1706898891.888722,-0.164086208,0.115014036,0.000000000,
1706898891.888783,,,,1.470000000
1706898891.898685,-0.163946749,0.113373174,0.000000000,
1706898891.898761,,,,1.480000000
1706898891.908881,-0.163644599,0.111733707,0.000000000,
1706898891.908923,,,,1.490000000
1706898891.918720,-0.163181524,0.110097261,0.000000000,
1706898891.918752,,,,1.500000000
1706898891.929092,-0.162559435,0.108465445,0.000000000,
1706898891.929161,,,,1.510000000
1706898891.939203,-0.161780385,0.106839851,0.000000000,
1706898891.939279,,,,1.520000000
1706898891.949088,-0.160846566,0.105222047,0.000000000,
1706898891.949142,,,,1.530000000
1706898891.958832,-0.159760305,0.103613581,0.000000000,
1706898891.958876,,,,1.540000000
1706898891.968891,-0.158524060,0.102015978,0.000000000,
1706898891.968934,,,,1.550000000
1706898891.979032,-0.157140417,0.100430738,0.000000000,
1706898891.979119,,,,1.560000000
1706898891.988949,-0.155612087,0.098859334,0.000000000,
1706898891.989009,,,,1.570000000
1706898891.999311,-0.153941900,0.097303213,0.000000000,
1706898891.999424,,,,1.580000000
1706898892.008824,-0.152132802,0.095763794,0.000000000,
1706898892.008878,,,,1.590000000
1706898892.018840,-0.150187853,0.094242466,0.000000000,
1706898892.018888,,,,1.600000000
1706898892.028827,-0.148110221,0.092740587,0.000000000,
1706898892.028881,,,,1.610000000
1706898892.038860,-0.145903178,0.091259485,0.000000000,
1706898892.038937,,,,1.620000000
1706898892.048751,-0.143570094,0.089800453,0.000000000,
1706898892.048817,,,,1.630000000
1706898892.058612,-0.141114439,0.088364752,0.000000000,
1706898892.058652,,,,1.640000000
1706898892.068613,-0.138539770,0.086953608,0.000000000,
1706898892.068662,,,,1.650000000
1706898892.078540,-0.135849733,0.085568210,0.000000000,
1706898892.078593,,,,1.660000000
1706898892.088968,-0.133048056,0.084209713,0.000000000,
1706898892.089071,,,,1.670000000
1706898892.099243,-0.130138547,0.082879232,0.000000000,
1706898892.099291,,,,1.680000000
1706898892.108664,-0.127125085,0.081577847,0.000000000,
1706898892.108714,,,,1.690000000
1706898892.118606,-0.124011619,0.080306596,0.000000000,
1706898892.118646,,,,1.700000000
1706898892.128578,-0.120802162,0.079066480,0.000000000,
1706898892.128616,,,,1.710000000
1706898892.138717,-0.117500789,0.077858458,0.000000000,
1706898892.138777,,,,1.720000000
1706898892.148660,-0.114111626,0.076683450,0.000000000,
1706898892.148725,,,,1.730000000
1706898892.158509,-0.110638855,0.075542334,0.000000000,
1706898892.158548,,,,1.740000000
1706898892.168679,-0.107086700,0.074435945,0.000000000,
1706898892.168728,,,,1.750000000
1706898892.178576,-0.103459428,0.073365078,0.000000000,
1706898892.178612,,,,1.760000000
1706898892.188924,-0.099761341,0.072330484,0.000000000,
1706898892.189010,,,,1.770000000
1706898892.198808,-0.095996776,0.071332871,0.000000000,
1706898892.198866,,,,1.780000000
1706898892.208606,-0.092170095,0.070372903,0.000000000,
1706898892.208642,,,,1.790000000
1706898892.218678,-0.088285685,0.069451202,0.000000000,
1706898892.218722,,,,1.800000000
1706898892.228556,-0.084347948,0.068568345,0.000000000,
1706898892.228590,,,,1.810000000
1706898892.238645,-0.080361303,0.067724866,0.000000000,
1706898892.238710,,,,1.820000000
1706898892.248731,-0.076330177,0.066921253,0.000000000,
1706898892.248784,,,,1.830000000
1706898892.259296,-0.072259000,0.066157951,0.000000000,
1706898892.259347,,,,1.840000000
1706898892.268683,-0.068152205,0.065435361,0.000000000,
1706898892.268728,,,,1.850000000
1706898892.278611,-0.064014219,0.064753839,0.000000000,
1706898892.278655,,,,1.860000000
1706898892.288771,-0.059849461,0.064113697,0.000000000,
1706898892.288843,,,,1.870000000
1706898892.299077,-0.055662336,0.063515202,0.000000000,
1706898892.299159,,,,1.880000000
1706898892.308578,-0.051457233,0.062958579,0.000000000,
1706898892.308605,,,,1.890000000
1706898892.318645,-0.047238519,0.062444006,0.000000000,
1706898892.318680,,,,1.900000000
1706898892.328757,-0.043010534,0.061971621,0.000000000,
1706898892.328792,,,,1.910000000
1706898892.338704,-0.038777591,0.061541516,0.000000000,
1706898892.338753,,,,1.920000000
1706898892.348833,-0.034543966,0.061153740,0.000000000,
1706898892.348894,,,,1.930000000
1706898892.358701,-0.030313901,0.060808300,0.000000000,
1706898892.358750,,,,1.940000000
1706898892.368709,-0.026091592,0.060505161,0.000000000,
1706898892.368745,,,,1.950000000
1706898892.378732,-0.021881192,0.060244245,0.000000000,
1706898892.378775,,,,1.960000000
1706898892.388876,-0.017686805,0.060025433,0.000000000,
1706898892.388955,,,,1.970000000
1706898892.398820,-0.013512480,0.059848565,0.000000000,
1706898892.398891,,,,1.980000000
1706898892.408801,-0.009362212,0.059713441,0.000000000,
1706898892.408850,,,,1.990000000
1706898892.418775,-0.005239934,0.059619818,0.000000000,
1706898892.418843,,,,2.000000000
1706898892.428744,-0.001149516,0.059567419,0.000000000,
1706898892.428781,,,,2.010000000
1706898892.438837,0.002905237,0.059555924,0.000000000,
1706898892.438901,,,,2.020000000
1706898892.448845,0.006920592,0.059584976,0.000000000,
1706898892.448913,,,,2.030000000
1706898892.458678,0.010892889,0.059654182,0.000000000,
1706898892.458715,,,,2.040000000
1706898892.468785,0.014818542,0.059763111,0.000000000,
1706898892.468827,,,,2.050000000
1706898892.478657,0.018694045,0.059911297,0.000000000,
1706898892.478708,,,,2.060000000
1706898892.488994,0.022515975,0.060098237,0.000000000,
1706898892.489058,,,,2.070000000
1706898892.498871,0.026280992,0.060323397,0.000000000,
1706898892.498950,,,,2.080000000
1706898892.508664,0.029985842,0.060586207,0.000000000,
1706898892.508702,,,,2.090000000
1706898892.518708,0.033627363,0.060886065,0.000000000,
1706898892.518757,,,,2.100000000
1706898892.528725,0.037202483,0.061222339,0.000000000,
1706898892.528761,,,,2.110000000
1706898892.538671,0.040708224,0.061594364,0.000000000,
1706898892.538711,,,,2.120000000
1706898892.548816,0.044141706,0.062001446,0.000000000,
1706898892.548884,,,,2.130000000
1706898892.558546,0.047500144,0.062442863,0.000000000,
1706898892.558578,,,,2.140000000
1706898892.568637,0.050780856,0.062917864,0.000000000,
1706898892.568675,,,,2.150000000
1706898892.578588,0.053981261,0.063425673,0.000000000,
1706898892.578637,,,,2.160000000
1706898892.588873,0.057098881,0.063965485,0.000000000,
1706898892.588916,,,,2.170000000
1706898892.598805,0.060131344,0.064536474,0.000000000,
1706898892.598865,,,,2.180000000
1706898892.608623,0.063076383,0.065137788,0.000000000,
1706898892.608678,,,,2.190000000
1706898892.618604,0.065931840,0.065768552,0.000000000,
1706898892.618634,,,,2.200000000
1706898892.628450,0.068695667,0.066427870,0.000000000,
1706898892.628477,,,,2.210000000
1706898892.638727,0.071365923,0.067114827,0.000000000,
1706898892.638779,,,,2.220000000
1706898892.648548,0.073940781,0.067828486,0.000000000,
1706898892.648583,,,,2.230000000
1706898892.659156,0.076418525,0.068567894,0.000000000,
1706898892.659176,,,,2.240000000
1706898892.668559,0.078797550,0.069332079,0.000000000,
1706898892.668592,,,,2.250000000
1706898892.678640,0.081076367,0.070120054,0.000000000,
1706898892.678684,,,,2.260000000
1706898892.688942,0.083253598,0.070930818,0.000000000,
1706898892.689024,,,,2.270000000
1706898892.698689,0.085327980,0.071763354,0.000000000,
1706898892.698738,,,,2.280000000
1706898892.708651,0.087298365,0.072616634,0.000000000,
1706898892.708692,,,,2.290000000
1706898892.718723,0.089163718,0.073489618,0.000000000,
1706898892.718788,,,,2.300000000
1706898892.728665,0.090923119,0.074381255,0.000000000,
1706898892.728704,,,,2.310000000
1706898892.739467,0.092575762,0.075290486,0.000000000,
1706898892.739550,,,,2.320000000
1706898892.748475,0.094120956,0.076216244,0.000000000,
1706898892.748498,,,,2.330000000
1706898892.758615,0.095558122,0.077157453,0.000000000,
1706898892.758649,,,,2.340000000
1706898892.768715,0.096886796,0.078113034,0.000000000,
1706898892.768772,,,,2.350000000
1706898892.778639,0.098106624,0.079081902,0.000000000,
1706898892.778674,,,,2.360000000
1706898892.788715,0.099217368,0.080062968,0.000000000,
1706898892.788774,,,,2.370000000
1706898892.798726,0.100218897,0.081055142,0.000000000,
1706898892.798789,,,,2.380000000
1706898892.808731,0.101111194,0.082057331,0.000000000,
1706898892.808798,,,,2.390000000
1706898892.819354,,,,2.400000000
1706898892.819443,0.101894349,0.083068443,0.000000000,
1706898892.828487,0.102568561,0.084087387,0.000000000,
1706898892.828528,,,,2.410000000
1706898892.838692,0.103134137,0.085113072,0.000000000,
1706898892.838751,,,,2.420000000
1706898892.848809,0.103591488,0.086144414,0.000000000,
1706898892.848879,,,,2.430000000
1706898892.858657,0.103941132,0.087180328,0.000000000,
1706898892.858707,,,,2.440000000
1706898892.868623,0.104183688,0.088219740,0.000000000,
1706898892.868666,,,,2.450000000
1706898892.878673,0.104319877,0.089261577,0.000000000,
1706898892.878724,,,,2.460000000
1706898892.888675,0.104350521,0.090304775,0.000000000,
1706898892.888733,,,,2.470000000
1706898892.899451,0.104276538,0.091348281,0.000000000,
1706898892.899509,,,,2.480000000
1706898892.908612,0.104098944,0.092391046,0.000000000,
1706898892.908666,,,,2.490000000
1706898892.918672,0.103818850,0.093432035,0.000000000,
1706898892.918712,,,,2.500000000
1706898892.928732,0.103437458,0.094470224,0.000000000,
1706898892.928775,,,,2.510000000
1706898892.938745,0.102956061,0.095504599,0.000000000,
1706898892.938817,,,,2.520000000
1706898892.948934,0.102376041,0.096534159,0.000000000,
1706898892.949001,,,,2.530000000
1706898892.958661,0.101698865,0.097557920,0.000000000,
1706898892.958701,,,,2.540000000
1706898892.968618,0.100926084,0.098574908,0.000000000,
1706898892.968657,,,,2.550000000
1706898892.978631,0.100059332,0.099584169,0.000000000,
1706898892.978675,,,,2.560000000
1706898892.988758,0.099100322,0.100584762,0.000000000,
1706898892.988825,,,,2.570000000
1706898892.998668,0.098050843,0.101575766,0.000000000,
1706898892.998718,,,,2.580000000
1706898893.008614,0.096912758,0.102556274,0.000000000,
1706898893.008657,,,,2.590000000
1706898893.018618,0.095688003,0.103525402,0.000000000,
1706898893.018659,,,,2.600000000
1706898893.028519,0.094378582,0.104482282,0.000000000,
1706898893.028551,,,,2.610000000
1706898893.038869,0.092986569,0.105426067,0.000000000,
1706898893.038937,,,,2.620000000
1706898893.048510,0.091514096,0.106355933,0.000000000,
1706898893.048547,,,,2.630000000
1706898893.058535,0.089963362,0.107271074,0.000000000,
1706898893.058566,,,,2.640000000
1706898893.068690,0.088336621,0.108170708,0.000000000,
1706898893.068727,,,,2.650000000
1706898893.078691,0.086636184,0.109054074,0.000000000,
1706898893.078751,,,,2.660000000
1706898893.088928,0.084864415,0.109920436,0.000000000,
1706898893.088992,,,,2.670000000
1706898893.098728,0.083023727,0.110769080,0.000000000,
1706898893.098783,,,,2.680000000
1706898893.108686,0.081116582,0.111599317,0.000000000,
1706898893.108727,,,,2.690000000
1706898893.118597,0.079145484,0.112410483,0.000000000,
1706898893.118663,,,,2.700000000
1706898893.128704,0.077112981,0.113201938,0.000000000,
1706898893.128742,,,,2.710000000
1706898893.138866,,,,2.720000000
1706898893.139648,0.075021657,0.113973068,0.000000000,
1706898893.148736,0.072874134,0.114723284,0.000000000,
1706898893.148803,,,,2.730000000
1706898893.158780,0.070673064,0.115452026,0.000000000,
1706898893.158853,,,,2.740000000
1706898893.168650,0.068421131,0.116158756,0.000000000,
1706898893.168697,,,,2.750000000
1706898893.178911,0.066121044,0.116842967,0.000000000,
1706898893.178963,,,,2.760000000
1706898893.189076,0.063775537,0.117504178,0.000000000,
1706898893.189140,,,,2.770000000
1706898893.198885,0.061387364,0.118141933,0.000000000,
1706898893.198950,,,,2.780000000
1706898893.208903,0.058959297,0.118755807,0.000000000,
1706898893.208967,,,,2.790000000
1706898893.218693,0.056494123,0.119345400,0.000000000,
1706898893.218734,,,,2.800000000
1706898893.228891,0.053994642,0.119910341,0.000000000,
1706898893.228931,,,,2.810000000
1706898893.238874,0.051463661,0.120450288,0.000000000,
1706898893.238924,,,,2.820000000
1706898893.248870,0.048903996,0.120964924,0.000000000,
1706898893.248924,,,,2.830000000
1706898893.258794,0.046318464,0.121453964,0.000000000,
1706898893.258846,,,,2.840000000
1706898893.269145,0.043709883,0.121917149,0.000000000,
1706898893.269204,,,,2.850000000
1706898893.278889,0.041081069,0.122354248,0.000000000,
1706898893.278938,,,,2.860000000
1706898893.288832,0.038434833,0.122765058,0.000000000,
1706898893.288869,,,,2.870000000
1706898893.298997,0.035773979,0.123149407,0.000000000,
1706898893.299073,,,,2.880000000
1706898893.308991,0.033101299,0.123507146,0.000000000,
1706898893.309045,,,,2.890000000
1706898893.319131,0.030419571,0.123838159,0.000000000,
1706898893.319200,,,,2.900000000
1706898893.328816,0.027731560,0.124142355,0.000000000,
1706898893.328869,,,,2.910000000
1706898893.338797,0.025040008,0.124419671,0.000000000,
1706898893.338830,,,,2.920000000
1706898893.349102,0.022347641,0.124670071,0.000000000,
1706898893.349176,,,,2.930000000
1706898893.358860,0.019657158,0.124893547,0.000000000,
1706898893.358911,,,,2.940000000
1706898893.369062,0.016971232,0.125090119,0.000000000,
1706898893.369111,,,,2.950000000
1706898893.378815,0.014292507,0.125259831,0.000000000,
1706898893.378853,,,,2.960000000
1706898893.388930,0.011623599,0.125402756,0.000000000,
1706898893.388975,,,,2.970000000
1706898893.398795,0.008967088,0.125518992,0.000000000,
1706898893.398853,,,,2.980000000
1706898893.409055,0.006325517,0.125608663,0.000000000,
1706898893.409128,,,,2.990000000
1706898893.418919,0.003701396,0.125671918,0.000000000,
1706898893.418989,,,,3.000000000
1706898893.428902,,,,3.010000000
1706898893.428981,0.001097190,0.125708932,0.000000000,
1706898893.438770,-0.001484675,0.125719904,0.000000000,
1706898893.438802,,,,3.020000000
1706898893.449095,-0.004041819,0.125705057,0.000000000,
1706898893.449164,,,,3.030000000
1706898893.458915,-0.006571906,0.125664639,0.000000000,
1706898893.458967,,,,3.040000000
1706898893.469266,-0.009072651,0.125598920,0.000000000,
1706898893.469350,,,,3.050000000
1706898893.478736,-0.011541816,0.125508194,0.000000000,
1706898893.478783,,,,3.060000000
1706898893.488852,-0.013977218,0.125392775,0.000000000,
1706898893.488905,,,,3.070000000
1706898893.498847,-0.016376723,0.125253003,0.000000000,
1706898893.498901,,,,3.080000000
1706898893.509310,-0.018738256,0.125089236,0.000000000,
1706898893.509420,,,,3.090000000
1706898893.518860,-0.021059797,0.124901853,0.000000000,
1706898893.518920,,,,3.100000000
1706898893.529146,-0.023339385,0.124691255,0.000000000,
1706898893.529219,,,,3.110000000
1706898893.538684,-0.025575116,0.124457862,0.000000000,
1706898893.538732,,,,3.120000000
1706898893.549170,-0.027765151,0.124202110,0.000000000,
1706898893.549257,,,,3.130000000
1706898893.558899,-0.029907711,0.123924459,0.000000000,
1706898893.558952,,,,3.140000000
1706898893.569268,-0.032001080,0.123625382,0.000000000,
1706898893.569389,,,,3.150000000
1706898893.578784,-0.034043607,0.123305371,0.000000000,
1706898893.578829,,,,3.160000000
1706898893.589297,-0.036033708,0.122964935,0.000000000,
1706898893.589417,,,,3.170000000
1706898893.598990,-0.037969864,0.122604598,0.000000000,
1706898893.599058,,,,3.180000000
1706898893.609049,-0.039850626,0.122224899,0.000000000,
1706898893.609130,,,,3.190000000
1706898893.619350,-0.041674609,0.121826393,0.000000000,
1706898893.619432,,,,3.200000000
1706898893.628882,-0.043440502,0.121409647,0.000000000,
1706898893.628937,,,,3.210000000
1706898893.638613,-0.045147062,0.120975242,0.000000000,
1706898893.638662,,,,3.220000000
1706898893.649117,-0.046793116,0.120523771,0.000000000,
1706898893.649200,,,,3.230000000
1706898893.659082,-0.048377562,0.120055840,0.000000000,
1706898893.659161,,,,3.240000000
1706898893.669057,-0.049899370,0.119572064,0.000000000,
1706898893.669120,,,,3.250000000
1706898893.678739,-0.051357583,0.119073071,0.000000000,
1706898893.678801,,,,3.260000000
1706898893.688941,-0.052751314,0.118559495,0.000000000,
1706898893.689019,,,,3.270000000
1706898893.699134,-0.054079750,0.118031982,0.000000000,
1706898893.699213,,,,3.280000000
1706898893.708938,-0.055342151,0.117491184,0.000000000,
1706898893.708992,,,,3.290000000
1706898893.719037,-0.056537848,0.116937763,0.000000000,
1706898893.719136,,,,3.300000000
1706898893.728958,-0.057666246,0.116372384,0.000000000,
1706898893.729019,,,,3.310000000
1706898893.739105,-0.058726822,0.115795722,0.000000000,
1706898893.739168,,,,3.320000000
1706898893.749068,-0.059719126,0.115208454,0.000000000,
1706898893.749139,,,,3.330000000
1706898893.758720,-0.060642780,0.114611262,0.000000000,
1706898893.758764,,,,3.340000000
1706898893.769266,-0.061497478,0.114004835,0.000000000,
1706898893.769356,,,,3.350000000
1706898893.778830,-0.062282987,0.113389860,0.000000000,
1706898893.778916,,,,3.360000000
1706898893.788791,-0.062999143,0.112767030,0.000000000,
1706898893.788872,,,,3.370000000
1706898893.798810,-0.063645855,0.112137039,0.000000000,
1706898893.798862,,,,3.380000000
1706898893.808944,-0.064223100,0.111500580,0.000000000,
1706898893.809005,,,,3.390000000
1706898893.818693,-0.064730927,0.110858349,0.000000000,
1706898893.818731,,,,3.400000000
1706898893.828624,,,,3.410000000
1706898893.828671,-0.065169452,0.110211040,0.000000000,
1706898893.838512,-0.065538862,0.109559345,0.000000000,
1706898893.838528,,,,3.420000000
1706898893.848873,,,,3.430000000
1706898893.848974,-0.065839408,0.108903957,0.000000000,
1706898893.858902,-0.066071409,0.108245562,0.000000000,
1706898893.858951,,,,3.440000000
1706898893.868941,-0.066235252,0.107584848,0.000000000,
1706898893.868984,,,,3.450000000
1706898893.878778,-0.066331384,0.106922496,0.000000000,
1706898893.878824,,,,3.460000000
1706898893.888861,-0.066360320,0.106259182,0.000000000,
1706898893.888898,,,,3.470000000
1706898893.899123,-0.066322635,0.105595579,0.000000000,
1706898893.899193,,,,3.480000000
1706898893.908919,-0.066218966,0.104932352,0.000000000,
1706898893.908969,,,,3.490000000
1706898893.918927,-0.066050012,0.104270163,0.000000000,
1706898893.919019,,,,3.500000000
1706898893.928890,-0.065816528,0.103609663,0.000000000,
1706898893.928934,,,,3.510000000
1706898893.938868,-0.065519329,0.102951497,0.000000000,
1706898893.938907,,,,3.520000000
1706898893.948956,-0.065159285,0.102296304,0.000000000,
1706898893.949013,,,,3.530000000
1706898893.958950,-0.064737323,0.101644711,0.000000000,
1706898893.959035,,,,3.540000000
1706898893.969030,-0.064254421,0.100997338,0.000000000,
1706898893.969082,,,,3.550000000
1706898893.978681,-0.063711610,0.100354794,0.000000000,
1706898893.978724,,,,3.560000000
1706898893.988858,-0.063109974,0.099717678,0.000000000,
1706898893.988912,,,,3.570000000
1706898893.998757,-0.062450642,0.099086578,0.000000000,
1706898893.998800,,,,3.580000000
1706898894.009067,-0.061734793,0.098462072,0.000000000,
1706898894.009143,,,,3.590000000
1706898894.018786,-0.060963652,0.097844724,0.000000000,
1706898894.018830,,,,3.600000000
1706898894.029070,-0.060138488,0.097235087,0.000000000,
1706898894.029139,,,,3.610000000
1706898894.038756,-0.059260612,0.096633702,0.000000000,
1706898894.038799,,,,3.620000000
1706898894.048855,-0.058331376,0.096041096,0.000000000,
1706898894.048892,,,,3.630000000
1706898894.058856,-0.057352172,0.095457782,0.000000000,
1706898894.058922,,,,3.640000000
1706898894.069148,-0.056324428,0.094884261,0.000000000,
1706898894.069215,,,,3.650000000
1706898894.078755,-0.055249610,0.094321016,0.000000000,
1706898894.078799,,,,3.660000000
1706898894.089053,-0.054129216,0.093768520,0.000000000,
1706898894.089108,,,,3.670000000
1706898894.099076,-0.052964776,0.093227228,0.000000000,
1706898894.099142,,,,3.680000000
1706898894.108851,-0.051757851,0.092697580,0.000000000,
1706898894.108890,,,,3.690000000
1706898894.118826,-0.050510030,0.092180002,0.000000000,
1706898894.118909,,,,3.700000000
1706898894.128929,-0.049222930,0.091674902,0.000000000,
1706898894.128978,,,,3.710000000
1706898894.138992,-0.047898191,0.091182672,0.000000000,
1706898894.139051,,,,3.720000000
1706898894.148901,-0.046537476,0.090703690,0.000000000,
1706898894.148945,,,,3.730000000
1706898894.158760,-0.045142471,0.090238316,0.000000000,
1706898894.158798,,,,3.740000000
1706898894.169079,-0.043714877,0.089786891,0.000000000,
1706898894.169153,,,,3.750000000
1706898894.178982,-0.042256418,0.089349742,0.000000000,
1706898894.179034,,,,3.760000000
1706898894.188743,-0.040768828,0.088927178,0.000000000,
1706898894.188783,,,,3.770000000
1706898894.198795,-0.039253857,0.088519490,0.000000000,
1706898894.198839,,,,3.780000000
1706898894.208792,-0.037713268,0.088126951,0.000000000,
1706898894.208829,,,,3.790000000
1706898894.218706,-0.036148830,0.087749818,0.000000000,
1706898894.218759,,,,3.800000000
1706898894.229165,-0.034562324,0.087388330,0.000000000,
1706898894.229263,,,,3.810000000
1706898894.238720,-0.032955533,0.087042707,0.000000000,
1706898894.238758,,,,3.820000000
1706898894.248805,-0.031330249,0.086713152,0.000000000,
1706898894.248845,,,,3.830000000
1706898894.258915,-0.029688261,0.086399849,0.000000000,
1706898894.258971,,,,3.840000000
1706898894.269017,-0.028031364,0.086102966,0.000000000,
1706898894.269087,,,,3.850000000
1706898894.278791,-0.026361347,0.085822653,0.000000000,
1706898894.278838,,,,3.860000000
1706898894.288955,-0.024679998,0.085559039,0.000000000,
1706898894.289001,,,,3.870000000
1706898894.299017,-0.022989102,0.085312239,0.000000000,
1706898894.299083,,,,3.880000000
1706898894.308814,-0.021290435,0.085082348,0.000000000,
1706898894.308851,,,,3.890000000
1706898894.319021,-0.019585766,0.084869444,0.000000000,
1706898894.319081,,,,3.900000000
1706898894.329086,-0.017876853,0.084673586,0.000000000,
1706898894.329151,,,,3.910000000
1706898894.338845,-0.016165443,0.084494818,0.000000000,
1706898894.338898,,,,3.920000000
1706898894.348916,-0.014453270,0.084333163,0.000000000,
1706898894.348955,,,,3.930000000
1706898894.358847,-0.012742054,0.084188631,0.000000000,
1706898894.358883,,,,3.940000000
1706898894.369062,-0.011033496,0.084061210,0.000000000,
1706898894.369134,,,,3.950000000
1706898894.378911,-0.009329282,0.083950875,0.000000000,
1706898894.378971,,,,3.960000000
1706898894.388838,-0.007631077,0.083857582,0.000000000,
1706898894.388875,,,,3.970000000
1706898894.398813,-0.005940524,0.083781272,0.000000000,
1706898894.398852,,,,3.980000000
1706898894.408859,-0.004259246,0.083721866,0.000000000,
1706898894.408895,,,,3.990000000
1706898894.418929,-0.002588840,0.083679274,0.000000000,
1706898894.418992,,,,4.000000000
1706898894.428898,-0.000930879,0.083653385,0.000000000,
1706898894.428937,,,,4.010000000
1706898894.438862,0.000713091,0.083644077,0.000000000,
1706898894.438918,,,,4.020000000
1706898894.449065,0.002341552,0.083651208,0.000000000,
1706898894.449139,,,,4.030000000
1706898894.458746,0.003953016,0.083674623,0.000000000,
1706898894.458779,,,,4.040000000
1706898894.469061,0.005546024,0.083714153,0.000000000,
1706898894.469129,,,,4.050000000
1706898894.479090,0.007119148,0.083769613,0.000000000,
1706898894.479153,,,,4.060000000
1706898894.488887,0.008670995,0.083840805,0.000000000,
1706898894.488934,,,,4.070000000
1706898894.499041,0.010200205,0.083927515,0.000000000,
1706898894.499089,,,,4.080000000
1706898894.508824,0.011705451,0.084029517,0.000000000,
1706898894.508857,,,,4.090000000
1706898894.518909,0.013185445,0.084146571,0.000000000,
1706898894.518974,,,,4.100000000
1706898894.529026,0.014638933,0.084278426,0.000000000,
1706898894.529103,,,,4.110000000
1706898894.538872,0.016064701,0.084424815,0.000000000,
1706898894.538913,,,,4.120000000
1706898894.549169,0.017461573,0.084585462,0.000000000,
1706898894.549260,,,,4.130000000
1706898894.558928,0.018828411,0.084760078,0.000000000,
1706898894.558978,,,,4.140000000
1706898894.569017,0.020164119,0.084948362,0.000000000,
1706898894.569093,,,,4.150000000
1706898894.578809,0.021467642,0.085150003,0.000000000,
1706898894.578851,,,,4.160000000
1706898894.589038,0.022737965,0.085364680,0.000000000,
1706898894.589095,,,,4.170000000
1706898894.599134,0.023974117,0.085592059,0.000000000,
1706898894.599230,,,,4.180000000
1706898894.608896,0.025175170,0.085831801,0.000000000,
1706898894.608939,,,,4.190000000
1706898894.619134,0.026340238,0.086083552,0.000000000,
1706898894.619206,,,,4.200000000
1706898894.628995,0.027468481,0.086346955,0.000000000,
1706898894.629052,,,,4.210000000
1706898894.638792,0.028559101,0.086621639,0.000000000,
1706898894.638848,,,,4.220000000
1706898894.648862,0.029611346,0.086907230,0.000000000,
1706898894.648922,,,,4.230000000
1706898894.658801,0.030624509,0.087203344,0.000000000,
1706898894.658852,,,,4.240000000
1706898894.669014,0.031597930,0.087509589,0.000000000,
1706898894.669107,,,,4.250000000
1706898894.678875,0.032530991,0.087825568,0.000000000,
1706898894.678930,,,,4.260000000
1706898894.688756,0.033423125,0.088150878,0.000000000,
1706898894.688799,,,,4.270000000
1706898894.698982,0.034273806,0.088485109,0.000000000,
1706898894.699047,,,,4.280000000
1706898894.708808,0.035082557,0.088827847,0.000000000,
1706898894.708851,,,,4.290000000
1706898894.718732,0.035848946,0.089178673,0.000000000,
1706898894.718771,,,,4.300000000
1706898894.728688,0.036572590,0.089537162,0.000000000,
1706898894.728748,,,,4.310000000
1706898894.738685,0.037253147,0.089902888,0.000000000,
1706898894.738749,,,,4.320000000
1706898894.748607,0.037890327,0.090275420,0.000000000,
1706898894.748653,,,,4.330000000
1706898894.758793,0.038483882,0.090654323,0.000000000,
1706898894.758829,,,,4.340000000
1706898894.768813,0.039033611,0.091039162,0.000000000,
1706898894.768904,,,,4.350000000
1706898894.778594,0.039539358,0.091429498,0.000000000,
1706898894.778632,,,,4.360000000
1706898894.788686,0.040001015,0.091824892,0.000000000,
1706898894.788754,,,,4.370000000
1706898894.798485,0.040418516,0.092224902,0.000000000,
1706898894.798531,,,,4.380000000
1706898894.808536,0.040791840,0.092629087,0.000000000,
1706898894.808570,,,,4.390000000
1706898894.818612,0.041121013,0.093037005,0.000000000,
1706898894.818662,,,,4.400000000
1706898894.828628,0.041406103,0.093448215,0.000000000,
1706898894.828674,,,,4.410000000
1706898894.838636,0.041647220,0.093862277,0.000000000,
1706898894.838690,,,,4.420000000
1706898894.848678,0.041844520,0.094278749,0.000000000,
1706898894.848737,,,,4.430000000
1706898894.858650,0.041998200,0.094697194,0.000000000,
1706898894.858701,,,,4.440000000
1706898894.868604,0.042108499,0.095117176,0.000000000,
1706898894.868646,,,,4.450000000
1706898894.878723,0.042175696,0.095538261,0.000000000,
1706898894.878788,,,,4.460000000
1706898894.888579,0.042200113,0.095960018,0.000000000,
1706898894.888621,,,,4.470000000
1706898894.898665,0.042182110,0.096382019,0.000000000,
1706898894.898718,,,,4.480000000
1706898894.908638,0.042122087,0.096803840,0.000000000,
1706898894.908699,,,,4.490000000
1706898894.918867,0.042020482,0.097225061,0.000000000,
1706898894.918935,,,,4.500000000
1706898894.928688,0.041877771,0.097645266,0.000000000,
1706898894.928754,,,,4.510000000
1706898894.938557,0.041694467,0.098064044,0.000000000,
1706898894.938586,,,,4.520000000
1706898894.948687,0.041471118,0.098480988,0.000000000,
1706898894.948749,,,,4.530000000
1706898894.958606,0.041208308,0.098895699,0.000000000,
1706898894.958655,,,,4.540000000
1706898894.968674,0.040906655,0.099307782,0.000000000,
1706898894.968741,,,,4.550000000
1706898894.978630,0.040566810,0.099716849,0.000000000,
1706898894.978674,,,,4.560000000
1706898894.988552,0.040189457,0.100122517,0.000000000,
1706898894.988583,,,,4.570000000
1706898894.998662,0.039775311,0.100524412,0.000000000,
1706898894.998717,,,,4.580000000
1706898895.008594,0.039325117,0.100922165,0.000000000,
1706898895.008637,,,,4.590000000
1706898895.018561,0.038839649,0.101315416,0.000000000,
1706898895.018595,,,,4.600000000
1706898895.028616,0.038319711,0.101703812,0.000000000,
1706898895.028657,,,,4.610000000
1706898895.038736,0.037766133,0.102087010,0.000000000,
1706898895.038791,,,,4.620000000
1706898895.048528,0.037179770,0.102464671,0.000000000,
1706898895.048567,,,,4.630000000
1706898895.058765,0.036561506,0.102836469,0.000000000,
1706898895.058833,,,,4.640000000
1706898895.068604,0.035912244,0.103202084,0.000000000,
1706898895.068642,,,,4.650000000
1706898895.078464,0.035232913,0.103561206,0.000000000,
1706898895.078499,,,,4.660000000
1706898895.088630,0.034524463,0.103913535,0.000000000,
1706898895.088668,,,,4.670000000
1706898895.098612,0.033787865,0.104258780,0.000000000,
1706898895.098650,,,,4.680000000
1706898895.108810,0.033024108,0.104596658,0.000000000,
1706898895.108895,,,,4.690000000
1706898895.118864,0.032234201,0.104926900,0.000000000,
1706898895.118907,,,,4.700000000
1706898895.128574,0.031419169,0.105249242,0.000000000,
1706898895.128613,,,,4.710000000
1706898895.138488,0.030580054,0.105563433,0.000000000,
1706898895.138527,,,,4.720000000
1706898895.148603,0.029717910,0.105869234,0.000000000,
1706898895.148641,,,,4.730000000
1706898895.158996,0.028833807,0.106166413,0.000000000,
1706898895.159098,,,,4.740000000
1706898895.169679,0.027928828,0.106454751,0.000000000,
1706898895.169815,,,,4.750000000
1706898895.178836,0.027004064,0.106734039,0.000000000,
1706898895.178882,,,,4.760000000
1706898895.188717,0.026060620,0.107004080,0.000000000,
1706898895.188760,,,,4.770000000
1706898895.198838,0.025099606,0.107264686,0.000000000,
1706898895.198886,,,,4.780000000
1706898895.208707,0.024122141,0.107515682,0.000000000,
1706898895.208781,,,,4.790000000
1706898895.218815,0.023129351,0.107756904,0.000000000,
1706898895.218894,,,,4.800000000
1706898895.228663,0.022122368,0.107988197,0.000000000,
1706898895.228709,,,,4.810000000
1706898895.238744,0.021102324,0.108209421,0.000000000,
1706898895.238800,,,,4.820000000
1706898895.248667,0.020070359,0.108420444,0.000000000,
1706898895.248697,,,,4.830000000
1706898895.258827,0.019027611,0.108621148,0.000000000,
1706898895.258892,,,,4.840000000
1706898895.268785,0.017975220,0.108811424,0.000000000,
1706898895.268859,,,,4.850000000
1706898895.278993,0.016914325,0.108991176,0.000000000,
1706898895.279049,,,,4.860000000
1706898895.288576,0.015846065,0.109160319,0.000000000,
1706898895.288616,,,,4.870000000
1706898895.298567,0.014771572,0.109318780,0.000000000,
1706898895.298615,,,,4.880000000
1706898895.308487,0.013691978,0.109466496,0.000000000,
1706898895.308521,,,,4.890000000
1706898895.318884,0.012608409,0.109603415,0.000000000,
1706898895.318951,,,,4.900000000
1706898895.328634,0.011521983,0.109729499,0.000000000,
1706898895.328679,,,,4.910000000
1706898895.338666,0.010433814,0.109844719,0.000000000,
1706898895.338728,,,,4.920000000
1706898895.348552,0.009345004,0.109949057,0.000000000,
1706898895.348583,,,,4.930000000
1706898895.358816,0.008256648,0.110042507,0.000000000,
1706898895.358876,,,,4.940000000
1706898895.368728,0.007169831,0.110125074,0.000000000,
1706898895.368777,,,,4.950000000
1706898895.378793,0.006085625,0.110196772,0.000000000,
1706898895.378874,,,,4.960000000
1706898895.388614,0.005005091,0.110257628,0.000000000,
1706898895.388652,,,,4.970000000
1706898895.398731,0.003929278,0.110307679,0.000000000,
1706898895.398787,,,,4.980000000
1706898895.408879,0.002859217,0.110346972,0.000000000,
1706898895.408942,,,,4.990000000
1706898895.418560,0.001795928,0.110375564,0.000000000,
1706898895.418595,,,,5.000000000
1706898895.428929,0.000740412,0.110393524,0.000000000,
1706898895.429005,,,,5.010000000
1706898895.438665,-0.000306345,0.110400928,0.000000000,
1706898895.438714,,,,5.020000000
1706898895.448845,-0.001343374,0.110397864,0.000000000,
1706898895.448909,,,,5.030000000
1706898895.458653,-0.002369727,0.110384430,0.000000000,
1706898895.458693,,,,5.040000000
1706898895.468643,-0.003384472,0.110360733,0.000000000,
1706898895.468677,,,,5.050000000
1706898895.478793,-0.004386701,0.110326888,0.000000000,
1706898895.478864,,,,5.060000000
1706898895.488783,-0.005375523,0.110283021,0.000000000,
1706898895.488840,,,,5.070000000
1706898895.498732,-0.006350070,0.110229266,0.000000000,
1706898895.498797,,,,5.080000000
1706898895.508726,-0.007309496,0.110165766,0.000000000,
1706898895.508762,,,,5.090000000
1706898895.518571,-0.008252977,0.110092671,0.000000000,
1706898895.518603,,,,5.100000000
1706898895.528784,-0.009179715,0.110010141,0.000000000,
1706898895.528852,,,,5.110000000
1706898895.538762,-0.010088932,0.109918344,0.000000000,
1706898895.538829,,,,5.120000000
1706898895.548806,-0.010979877,0.109817454,0.000000000,
1706898895.548871,,,,5.130000000
1706898895.558621,-0.011851823,0.109707656,0.000000000,
1706898895.558662,,,,5.140000000
1706898895.568730,-0.012704071,0.109589137,0.000000000,
1706898895.568763,,,,5.150000000
1706898895.578778,-0.013535944,0.109462097,0.000000000,
1706898895.578840,,,,5.160000000
1706898895.588917,-0.014346794,0.109326737,0.000000000,
1706898895.588992,,,,5.170000000
1706898895.598592,-0.015136000,0.109183269,0.000000000,
1706898895.598640,,,,5.180000000
1706898895.608905,-0.015902967,0.109031909,0.000000000,
1706898895.608979,,,,5.190000000
1706898895.618681,-0.016647128,0.108872880,0.000000000,
1706898895.618725,,,,5.200000000
1706898895.628801,-0.017367944,0.108706408,0.000000000,
1706898895.628863,,,,5.210000000
1706898895.638705,-0.018064906,0.108532729,0.000000000,
1706898895.638752,,,,5.220000000
1706898895.648890,-0.018737530,0.108352080,0.000000000,
1706898895.648963,,,,5.230000000
1706898895.658643,-0.019385362,0.108164705,0.000000000,
1706898895.658698,,,,5.240000000
1706898895.668723,-0.020007979,0.107970851,0.000000000,
1706898895.668766,,,,5.250000000
1706898895.679176,-0.020604985,0.107770771,0.000000000,
1706898895.679254,,,,5.260000000
1706898895.688651,-0.021176012,0.107564721,0.000000000,
1706898895.688696,,,,5.270000000
1706898895.698806,-0.021720724,0.107352961,0.000000000,
1706898895.698872,,,,5.280000000
1706898895.708717,-0.022238813,0.107135754,0.000000000,
1706898895.708766,,,,5.290000000
1706898895.718679,-0.022730000,0.106913366,0.000000000,
1706898895.718714,,,,5.300000000
1706898895.728805,-0.023194037,0.106686066,0.000000000,
1706898895.728864,,,,5.310000000
1706898895.738821,-0.023630703,0.106454125,0.000000000,
1706898895.738871,,,,5.320000000
1706898895.748889,-0.024039808,0.106217818,0.000000000,
1706898895.748955,,,,5.330000000
1706898895.759115,-0.024421192,0.105977420,0.000000000,
1706898895.759156,,,,5.340000000
1706898895.768690,-0.024774722,0.105733208,0.000000000,
1706898895.768744,,,,5.350000000
1706898895.779055,-0.025100296,0.105485461,0.000000000,
1706898895.779153,,,,5.360000000
1706898895.788846,-0.025397839,0.105234458,0.000000000,
1706898895.788930,,,,5.370000000
1706898895.798640,-0.025667306,0.104980480,0.000000000,
1706898895.798689,,,,5.380000000
1706898895.808829,-0.025908681,0.104723807,0.000000000,
1706898895.808887,,,,5.390000000
1706898895.818828,-0.026121975,0.104464720,0.000000000,
1706898895.818885,,,,5.400000000
1706898895.828939,-0.026307227,0.104203500,0.000000000,
1706898895.829000,,,,5.410000000
1706898895.839322,-0.026464505,0.103940428,0.000000000,
1706898895.839377,,,,5.420000000
1706898895.848875,-0.026593903,0.103675783,0.000000000,
1706898895.848948,,,,5.430000000
1706898895.858610,-0.026695542,0.103409844,0.000000000,
1706898895.858649,,,,5.440000000
1706898895.868911,-0.026769571,0.103142888,0.000000000,
1706898895.868981,,,,5.450000000
1706898895.878829,-0.026816164,0.102875193,0.000000000,
1706898895.878884,,,,5.460000000
1706898895.888844,-0.026835522,0.102607031,0.000000000,
1706898895.888924,,,,5.470000000
1706898895.898599,-0.026827870,0.102338676,0.000000000,
1706898895.898610,,,,5.480000000
1706898895.908689,-0.026793459,0.102070397,0.000000000,
1706898895.908733,,,,5.490000000
1706898895.919175,,,,5.500000000
1706898895.919247,-0.026732564,0.101802463,0.000000000,
1706898895.928621,-0.026645484,0.101535137,0.000000000,
1706898895.928679,,,,5.510000000
1706898895.938860,-0.026532543,0.101268682,0.000000000,
1706898895.938950,,,,5.520000000
1706898895.948840,-0.026394086,0.101003357,0.000000000,
1706898895.948921,,,,5.530000000
1706898895.958666,-0.026230481,0.100739416,0.000000000,
1706898895.958712,,,,5.540000000
1706898895.968739,-0.026042118,0.100477111,0.000000000,
1706898895.968780,,,,5.550000000
1706898895.978629,-0.025829408,0.100216690,0.000000000,
1706898895.978667,,,,5.560000000
1706898895.988915,-0.025592782,0.099958396,0.000000000,
1706898895.988997,,,,5.570000000
1706898895.999464,-0.025332694,0.099702468,0.000000000,
1706898895.999530,,,,5.580000000
1706898896.008675,-0.025049614,0.099449141,0.000000000,
1706898896.008715,,,,5.590000000
1706898896.018712,-0.024744032,0.099198645,0.000000000,
1706898896.018753,,,,5.600000000
1706898896.028612,-0.024416456,0.098951205,0.000000000,
1706898896.028650,,,,5.610000000
1706898896.038912,-0.024067412,0.098707040,0.000000000,
1706898896.038978,,,,5.620000000
1706898896.048721,-0.023697442,0.098466366,0.000000000,
1706898896.048771,,,,5.630000000
1706898896.058672,-0.023307104,0.098229391,0.000000000,
1706898896.058722,,,,5.640000000
1706898896.068636,-0.022896972,0.097996320,0.000000000,
1706898896.068676,,,,5.650000000
1706898896.079258,-0.022467635,0.097767351,0.000000000,
1706898896.079309,,,,5.660000000
1706898896.088732,-0.022019693,0.097542674,0.000000000,
1706898896.088796,,,,5.670000000
1706898896.098816,-0.021553764,0.097322477,0.000000000,
1706898896.098902,,,,5.680000000
1706898896.108606,-0.021070474,0.097106940,0.000000000,
1706898896.108651,,,,5.690000000
1706898896.118685,-0.020570463,0.096896235,0.000000000,
1706898896.118735,,,,5.700000000
1706898896.128654,-0.020054382,0.096690530,0.000000000,
1706898896.128697,,,,5.710000000
1706898896.138966,-0.019522891,0.096489987,0.000000000,
1706898896.139070,,,,5.720000000
1706898896.148664,-0.018976661,0.096294758,0.000000000,
1706898896.148704,,,,5.730000000
1706898896.159350,-0.018416370,0.096104991,0.000000000,
1706898896.159381,,,,5.740000000
1706898896.168622,-0.017842705,0.095920827,0.000000000,
1706898896.168653,,,,5.750000000
1706898896.178803,-0.017256361,0.095742400,0.000000000,
1706898896.178854,,,,5.760000000
1706898896.188729,-0.016658038,0.095569837,0.000000000,
1706898896.188805,,,,5.770000000
1706898896.198845,-0.016048441,0.095403256,0.000000000,
1706898896.198936,,,,5.780000000
1706898896.208911,-0.015428282,0.095242772,0.000000000,
1706898896.208968,,,,5.790000000
1706898896.218788,-0.014798276,0.095088489,0.000000000,
1706898896.218843,,,,5.800000000
1706898896.228889,-0.014159143,0.094940506,0.000000000,
1706898896.228946,,,,5.810000000
1706898896.239342,-0.013511602,0.094798915,0.000000000,
1706898896.239376,,,,5.820000000
1706898896.248838,-0.012856377,0.094663799,0.000000000,
1706898896.248904,,,,5.830000000
1706898896.258685,-0.012194193,0.094535235,0.000000000,
1706898896.258726,,,,5.840000000
1706898896.268650,-0.011525775,0.094413293,0.000000000,
1706898896.268702,,,,5.850000000
1706898896.278678,-0.010851846,0.094298035,0.000000000,
1706898896.278735,,,,5.860000000
1706898896.288856,-0.010173132,0.094189517,0.000000000,
1706898896.288922,,,,5.870000000
1706898896.298951,-0.009490352,0.094087786,0.000000000,
1706898896.299031,,,,5.880000000
1706898896.308758,-0.008804227,0.093992882,0.000000000,
1706898896.308809,,,,5.890000000
1706898896.319445,-0.008115473,0.093904840,0.000000000,
1706898896.319504,,,,5.900000000
1706898896.328809,-0.007424802,0.093823685,0.000000000,
1706898896.328856,,,,5.910000000
1706898896.338592,-0.006732923,0.093749437,0.000000000,
1706898896.338626,,,,5.920000000
1706898896.348729,-0.006040537,0.093682108,0.000000000,
1706898896.348787,,,,5.930000000
1706898896.358726,-0.005348343,0.093621702,0.000000000,
1706898896.358768,,,,5.940000000
1706898896.368859,-0.004657029,0.093568219,0.000000000,
1706898896.368927,,,,5.950000000
1706898896.378732,-0.003967281,0.093521649,0.000000000,
1706898896.378787,,,,5.960000000
1706898896.389145,-0.003279773,0.093481976,0.000000000,
1706898896.389226,,,,5.970000000
1706898896.400134,-0.002595173,0.093449178,0.000000000,
1706898896.400259,,,,5.980000000
1706898896.408791,-0.001914139,0.093423226,0.000000000,
1706898896.408836,,,,5.990000000
1706898896.418767,-0.001237320,0.093404085,0.000000000,
1706898896.418823,,,,6.000000000
1706898896.428664,-0.000565356,0.093391712,0.000000000,
1706898896.428717,,,,6.010000000
1706898896.438709,0.000101127,0.093386058,0.000000000,
1706898896.438738,,,,6.020000000
1706898896.448858,0.000761510,0.093387070,0.000000000,
1706898896.448903,,,,6.030000000
1706898896.458616,0.001415188,0.093394685,0.000000000,
1706898896.458663,,,,6.040000000
1706898896.468757,0.002061567,0.093408837,0.000000000,
1706898896.468801,,,,6.050000000
1706898896.478646,,,,6.060000000
1706898896.478686,0.002700068,0.093429452,0.000000000,
1706898896.488794,0.003330122,0.093456453,0.000000000,
1706898896.488843,,,,6.070000000
1706898896.498528,0.003951176,0.093489754,0.000000000,
1706898896.498570,,,,6.080000000
1706898896.508678,0.004562688,0.093529266,0.000000000,
1706898896.508718,,,,6.090000000
1706898896.518795,0.005164135,0.093574893,0.000000000,
1706898896.518851,,,,6.100000000
1706898896.528545,0.005755004,0.093626534,0.000000000,
1706898896.528584,,,,6.110000000
1706898896.538785,0.006334801,0.093684084,0.000000000,
1706898896.538846,,,,6.120000000
1706898896.548932,0.006903044,0.093747432,0.000000000,
1706898896.548999,,,,6.130000000
1706898896.558751,0.007459271,0.093816463,0.000000000,
1706898896.558791,,,,6.140000000
1706898896.568997,0.008003032,0.093891055,0.000000000,
1706898896.569063,,,,6.150000000
1706898896.578524,0.008533896,0.093971086,0.000000000,
1706898896.578557,,,,6.160000000
1706898896.588806,0.009051448,0.094056425,0.000000000,
1706898896.588862,,,,6.170000000
1706898896.598924,0.009555291,0.094146939,0.000000000,
1706898896.598990,,,,6.180000000
1706898896.608797,0.010045045,0.094242492,0.000000000,
1706898896.608842,,,,6.190000000
1706898896.618796,0.010520345,0.094342942,0.000000000,
1706898896.618840,,,,6.200000000
1706898896.628700,0.010980847,0.094448146,0.000000000,
1706898896.628739,,,,6.210000000
1706898896.639040,0.011426224,0.094557954,0.000000000,
1706898896.639102,,,,6.220000000
1706898896.648900,0.011856166,0.094672217,0.000000000,
1706898896.648954,,,,6.230000000
1706898896.658923,0.012270383,0.094790778,0.000000000,
1706898896.658966,,,,6.240000000
1706898896.668875,0.012668601,0.094913482,0.000000000,
1706898896.668931,,,,6.250000000
1706898896.678751,0.013050567,0.095040168,0.000000000,
1706898896.678828,,,,6.260000000
1706898896.688672,0.013416045,0.095170674,0.000000000,
1706898896.688716,,,,6.270000000
1706898896.698769,0.013764817,0.095304834,0.000000000,
1706898896.698879,,,,6.280000000
1706898896.708711,0.014096685,0.095442482,0.000000000,
1706898896.708780,,,,6.290000000
1706898896.719534,0.014411470,0.095583449,0.000000000,
1706898896.719613,,,,6.300000000
1706898896.728769,,,,6.310000000
1706898896.728861,0.014709011,0.095727564,0.000000000,
1706898896.738627,0.014989164,0.095874654,0.000000000,
1706898896.738666,,,,6.320000000
1706898896.748797,0.015251807,0.096024546,0.000000000,
1706898896.748848,,,,6.330000000
1706898896.758681,0.015496834,0.096177064,0.000000000,
1706898896.758718,,,,6.340000000
1706898896.768858,0.015724160,0.096332032,0.000000000,
1706898896.768914,,,,6.350000000
1706898896.778661,0.015933715,0.096489274,0.000000000,
1706898896.778692,,,,6.360000000
1706898896.788896,0.016125450,0.096648611,0.000000000,
1706898896.788962,,,,6.370000000
1706898896.799881,0.016299335,0.096809865,0.000000000,
1706898896.799981,,,,6.380000000
1706898896.808779,0.016455355,0.096972859,0.000000000,
1706898896.808829,,,,6.390000000
1706898896.818851,0.016593515,0.097137412,0.000000000,
1706898896.818925,,,,6.400000000
1706898896.828635,,,,6.410000000
1706898896.828692,0.016713839,0.097303347,0.000000000,
1706898896.838819,0.016816366,0.097470486,0.000000000,
1706898896.838885,,,,6.420000000
1706898896.848703,0.016901154,0.097638649,0.000000000,
1706898896.848776,,,,6.430000000
1706898896.858635,0.016968277,0.097807661,0.000000000,
1706898896.858681,,,,6.440000000
1706898896.868689,0.017017828,0.097977344,0.000000000,
1706898896.868733,,,,6.450000000
1706898896.879524,0.017049916,0.098147522,0.000000000,
1706898896.879572,,,,6.460000000
1706898896.888891,0.017064664,0.098318021,0.000000000,
1706898896.888995,,,,6.470000000
1706898896.898953,0.017062216,0.098488668,0.000000000,
1706898896.899031,,,,6.480000000
1706898896.908805,0.017042727,0.098659290,0.000000000,
1706898896.908869,,,,6.490000000
1706898896.918851,0.017006370,0.098829717,0.000000000,
1706898896.918916,,,,6.500000000
1706898896.928764,0.016953335,0.098999781,0.000000000,
1706898896.928817,,,,6.510000000
1706898896.938719,0.016883823,0.099169314,0.000000000,
1706898896.938820,,,,6.520000000
1706898896.948944,0.016798054,0.099338153,0.000000000,
1706898896.949019,,,,6.530000000
1706898896.958701,0.016696258,0.099506133,0.000000000,
1706898896.958748,,,,6.540000000
1706898896.968883,0.016578682,0.099673096,0.000000000,
1706898896.968946,,,,6.550000000
1706898896.978828,0.016445586,0.099838883,0.000000000,
1706898896.978901,,,,6.560000000
1706898896.988463,0.016297242,0.100003338,0.000000000,
1706898896.988500,,,,6.570000000
1706898896.998922,0.016133935,0.100166311,0.000000000,
1706898896.998987,,,,6.580000000
1706898897.008778,0.015955965,0.100327650,0.000000000,
1706898897.008826,,,,6.590000000
1706898897.018728,0.015763640,0.100487210,0.000000000,
1706898897.018801,,,,6.600000000
1706898897.028713,0.015557283,0.100644846,0.000000000,
1706898897.028754,,,,6.610000000
1706898897.038606,0.015337225,0.100800419,0.000000000,
1706898897.038650,,,,6.620000000
1706898897.048744,0.015103811,0.100953791,0.000000000,
1706898897.048820,,,,6.630000000
1706898897.058828,0.014857394,0.101104829,0.000000000,
1706898897.058882,,,,6.640000000
1706898897.068830,0.014598337,0.101253403,0.000000000,
1706898897.068896,,,,6.650000000
1706898897.078642,0.014327013,0.101399387,0.000000000,
1706898897.078687,,,,6.660000000
1706898897.088672,0.014043805,0.101542657,0.000000000,
1706898897.088704,,,,6.670000000
1706898897.098727,0.013749101,0.101683095,0.000000000,
1706898897.098779,,,,6.680000000
1706898897.108954,0.013443300,0.101820586,0.000000000,
1706898897.109056,,,,6.690000000
1706898897.118531,0.013126809,0.101955019,0.000000000,
1706898897.118554,,,,6.700000000
1706898897.128684,0.012800039,0.102086287,0.000000000,
1706898897.128723,,,,6.710000000
1706898897.138647,0.012463410,0.102214287,0.000000000,
1706898897.138684,,,,6.720000000
1706898897.148653,0.012117347,0.102338921,0.000000000,
1706898897.148690,,,,6.730000000
1706898897.158699,0.011762281,0.102460095,0.000000000,
1706898897.158749,,,,6.740000000
1706898897.169020,0.011398649,0.102577718,0.000000000,
1706898897.169111,,,,6.750000000
1706898897.178969,0.011026891,0.102691704,0.000000000,
1706898897.179042,,,,6.760000000
1706898897.188648,0.010647451,0.102801973,0.000000000,
1706898897.188702,,,,6.770000000
1706898897.198700,0.010260780,0.102908448,0.000000000,
1706898897.198749,,,,6.780000000
1706898897.208693,0.009867327,0.103011055,0.000000000,
1706898897.208789,,,,6.790000000
1706898897.219051,0.009467548,0.103109729,0.000000000,
1706898897.219154,,,,6.800000000
1706898897.228821,,,,6.810000000
1706898897.228929,0.009061900,0.103204404,0.000000000,
1706898897.238532,0.008650840,0.103295023,0.000000000,
1706898897.238566,,,,6.820000000
1706898897.248534,0.008234830,0.103381532,0.000000000,
1706898897.248604,,,,6.830000000
1706898897.258607,0.007814328,0.103463880,0.000000000,
1706898897.258654,,,,6.840000000
1706898897.268571,0.007389797,0.103542023,0.000000000,
1706898897.268600,,,,6.850000000
1706898897.278857,0.006961697,0.103615921,0.000000000,
1706898897.278907,,,,6.860000000
1706898897.288647,0.006530488,0.103685538,0.000000000,
1706898897.288696,,,,6.870000000
1706898897.298702,0.006096629,0.103750843,0.000000000,
1706898897.298745,,,,6.880000000
1706898897.308931,0.005660578,0.103811809,0.000000000,
1706898897.308979,,,,6.890000000
1706898897.318595,0.005222792,0.103868415,0.000000000,
1706898897.318624,,,,6.900000000
1706898897.328751,,,,6.910000000
1706898897.328810,0.004783722,0.103920643,0.000000000,
1706898897.338754,0.004343821,0.103968480,0.000000000,
1706898897.338816,,,,6.920000000
1706898897.348897,0.003903534,0.104011918,0.000000000,
1706898897.348961,,,,6.930000000
1706898897.358475,0.003463307,0.104050954,0.000000000,
1706898897.358512,,,,6.940000000
1706898897.368577,0.003023579,0.104085587,0.000000000,
1706898897.368610,,,,6.950000000
1706898897.378700,0.002584784,0.104115823,0.000000000,
1706898897.378750,,,,6.960000000
1706898897.389038,,,,6.970000000
1706898897.389102,0.002147354,0.104141670,0.000000000,
1706898897.398562,0.001711714,0.104163144,0.000000000,
1706898897.398600,,,,6.980000000
1706898897.408693,0.001278282,0.104180261,0.000000000,
1706898897.408733,,,,6.990000000
1706898897.418528,0.000847473,0.104193044,0.000000000,
1706898897.418560,,,,7.000000000
1706898897.428747,,,,7.010000000
1706898897.428810,0.000419694,0.104201519,0.000000000,
1706898897.438747,-0.000004655,0.104205716,0.000000000,
1706898897.438805,,,,7.020000000
1706898897.448796,-0.000425180,0.104205669,0.000000000,
1706898897.448867,,,,7.030000000
1706898897.458623,-0.000841495,0.104201417,0.000000000,
1706898897.458659,,,,7.040000000
1706898897.469066,-0.001253222,0.104193002,0.000000000,
1706898897.469092,,,,7.050000000
1706898897.478564,-0.001659990,0.104180470,0.000000000,
1706898897.478603,,,,7.060000000
1706898897.488686,,,,7.070000000
1706898897.488747,-0.002061437,0.104163870,0.000000000,
1706898897.498668,,,,7.080000000
1706898897.498757,-0.002457210,0.104143256,0.000000000,
1706898897.508783,-0.002846963,0.104118684,0.000000000,
1706898897.508830,,,,7.090000000
1706898897.518567,,,,7.100000000
1706898897.518605,-0.003230362,0.104090214,0.000000000,
1706898897.528655,,,,7.110000000
1706898897.528747,-0.003607080,0.104057911,0.000000000,
1706898897.538622,-0.003976800,0.104021840,0.000000000,
1706898897.538657,,,,7.120000000
1706898897.549271,-0.004339216,0.103982072,0.000000000,
1706898897.549342,,,,7.130000000
1706898897.558519,-0.004694031,0.103938680,0.000000000,
1706898897.558552,,,,7.140000000
1706898897.568643,-0.005040958,0.103891739,0.000000000,
1706898897.568669,,,,7.150000000
1706898897.578680,-0.005379723,0.103841330,0.000000000,
1706898897.578733,,,,7.160000000
1706898897.588538,-0.005710059,0.103787532,0.000000000,
1706898897.588573,,,,7.170000000
1706898897.598586,,,,7.180000000
1706898897.598630,-0.006031711,0.103730432,0.000000000,
1706898897.608632,-0.006344437,0.103670115,0.000000000,
1706898897.608675,,,,7.190000000
1706898897.618574,-0.006648004,0.103606670,0.000000000,
1706898897.618600,,,,7.200000000
1706898897.629131,,,,7.210000000
1706898897.629195,-0.006942191,0.103540190,0.000000000,
1706898897.638487,-0.007226788,0.103470768,0.000000000,
1706898897.638521,,,,7.220000000
1706898897.648652,-0.007501597,0.103398501,0.000000000,
1706898897.648700,,,,7.230000000
1706898897.658509,-0.007766432,0.103323485,0.000000000,
1706898897.658555,,,,7.240000000
1706898897.668615,-0.008021116,0.103245820,0.000000000,
1706898897.668649,,,,7.250000000
1706898897.678644,-0.008265487,0.103165609,0.000000000,
1706898897.678688,,,,7.260000000
1706898897.688697,-0.008499393,0.103082954,0.000000000,
1706898897.688753,,,,7.270000000
1706898897.698508,-0.008722694,0.102997960,0.000000000,
1706898897.698556,,,,7.280000000
1706898897.708473,-0.008935263,0.102910733,0.000000000,
1706898897.708524,,,,7.290000000
1706898897.718521,-0.009136984,0.102821381,0.000000000,
1706898897.718579,,,,7.300000000
1706898897.728640,-0.009327752,0.102730011,0.000000000,
1706898897.728699,,,,7.310000000
1706898897.738604,-0.009507476,0.102636733,0.000000000,
1706898897.738671,,,,7.320000000
1706898897.748512,-0.009676074,0.102541659,0.000000000,
1706898897.748567,,,,7.330000000
1706898897.758511,-0.009833479,0.102444898,0.000000000,
1706898897.758558,,,,7.340000000
1706898897.768505,-0.009979634,0.102346563,0.000000000,
1706898897.768555,,,,7.350000000
1706898897.778549,-0.010114494,0.102246767,0.000000000,
1706898897.778597,,,,7.360000000
1706898897.788702,-0.010238026,0.102145622,0.000000000,
1706898897.788776,,,,7.370000000
1706898897.798665,-0.010350208,0.102043242,0.000000000,
1706898897.798738,,,,7.380000000
1706898897.808760,-0.010451030,0.101939739,0.000000000,
1706898897.808844,,,,7.390000000
1706898897.818615,-0.010540494,0.101835229,0.000000000,
1706898897.818670,,,,7.400000000
1706898897.828785,-0.010618612,0.101729824,0.000000000,
1706898897.828865,,,,7.410000000
1706898897.838571,-0.010685408,0.101623638,0.000000000,
1706898897.838627,,,,7.420000000
1706898897.848665,-0.010740918,0.101516784,0.000000000,
1706898897.848715,,,,7.430000000
1706898897.858680,-0.010785187,0.101409375,0.000000000,
1706898897.858749,,,,7.440000000
1706898897.868669,-0.010818273,0.101301523,0.000000000,
1706898897.868724,,,,7.450000000
1706898897.878791,-0.010840242,0.101193340,0.000000000,
1706898897.878859,,,,7.460000000
1706898897.888572,-0.010851174,0.101084938,0.000000000,
1706898897.888611,,,,7.470000000
1706898897.898733,-0.010851156,0.100976426,0.000000000,
1706898897.898798,,,,7.480000000
1706898897.908653,-0.010840287,0.100867915,0.000000000,
1706898897.908685,,,,7.490000000
1706898897.918692,-0.010818675,0.100759512,0.000000000,
1706898897.918750,,,,7.500000000
1706898897.928664,-0.010786440,0.100651325,0.000000000,
1706898897.928709,,,,7.510000000
1706898897.938554,-0.010743708,0.100543461,0.000000000,
1706898897.938591,,,,7.520000000
1706898897.948526,-0.010690617,0.100436023,0.000000000,
1706898897.948554,,,,7.530000000
1706898897.958547,-0.010627313,0.100329117,0.000000000,
1706898897.958592,,,,7.540000000
1706898897.968679,-0.010553952,0.100222844,0.000000000,
1706898897.968760,,,,7.550000000
1706898897.978745,-0.010470697,0.100117305,0.000000000,
1706898897.978805,,,,7.560000000
1706898897.988705,-0.010377720,0.100012598,0.000000000,
1706898897.988761,,,,7.570000000
1706898897.998674,-0.010275203,0.099908820,0.000000000,
1706898897.998714,,,,7.580000000
1706898898.008632,-0.010163333,0.099806068,0.000000000,
1706898898.008666,,,,7.590000000
1706898898.018831,-0.010042306,0.099704435,0.000000000,
1706898898.018912,,,,7.600000000
1706898898.028570,-0.009912327,0.099604012,0.000000000,
1706898898.028619,,,,7.610000000
1706898898.038740,-0.009773605,0.099504889,0.000000000,
1706898898.038803,,,,7.620000000
1706898898.048654,-0.009626357,0.099407153,0.000000000,
1706898898.048726,,,,7.630000000
1706898898.058823,-0.009470809,0.099310889,0.000000000,
1706898898.058881,,,,7.640000000
1706898898.068758,-0.009307190,0.099216181,0.000000000,
1706898898.068810,,,,7.650000000
1706898898.078656,-0.009135736,0.099123109,0.000000000,
1706898898.078707,,,,7.660000000
1706898898.088646,-0.008956690,0.099031752,0.000000000,
1706898898.088696,,,,7.670000000
1706898898.098732,-0.008770298,0.098942185,0.000000000,
1706898898.098789,,,,7.680000000
1706898898.108613,-0.008576813,0.098854482,0.000000000,
1706898898.108697,,,,7.690000000
1706898898.118479,-0.008376493,0.098768714,0.000000000,
1706898898.118510,,,,7.700000000
1706898898.128625,,,,7.710000000
1706898898.128701,-0.008169600,0.098684949,0.000000000,
1706898898.138678,-0.007956399,0.098603253,0.000000000,
1706898898.138728,,,,7.720000000
1706898898.148646,-0.007737160,0.098523689,0.000000000,
1706898898.148686,,,,7.730000000
1706898898.158661,-0.007512157,0.098446317,0.000000000,
1706898898.158722,,,,7.740000000
1706898898.168662,-0.007281668,0.098371196,0.000000000,
1706898898.168700,,,,7.750000000
1706898898.178895,-0.007045970,0.098298379,0.000000000,
1706898898.178951,,,,7.760000000
1706898898.188697,-0.006805349,0.098227919,0.000000000,
1706898898.188753,,,,7.770000000
1706898898.198629,-0.006560087,0.098159866,0.000000000,
1706898898.198673,,,,7.780000000
1706898898.208635,-0.006310473,0.098094265,0.000000000,
1706898898.208685,,,,7.790000000
1706898898.218761,-0.006056795,0.098031160,0.000000000,
1706898898.218811,,,,7.800000000
1706898898.228675,-0.005799343,0.097970592,0.000000000,
1706898898.228712,,,,7.810000000
1706898898.238787,-0.005538408,0.097912599,0.000000000,
1706898898.238862,,,,7.820000000
1706898898.248753,-0.005274284,0.097857215,0.000000000,
1706898898.248811,,,,7.830000000
1706898898.258694,-0.005007263,0.097804472,0.000000000,
1706898898.258742,,,,7.840000000
1706898898.268661,-0.004737637,0.097754399,0.000000000,
1706898898.268724,,,,7.850000000
1706898898.278666,-0.004465701,0.097707023,0.000000000,
1706898898.278734,,,,7.860000000
1706898898.288747,-0.004191746,0.097662366,0.000000000,
1706898898.288816,,,,7.870000000
1706898898.298607,-0.003916065,0.097620448,0.000000000,
1706898898.298638,,,,7.880000000
1706898898.308606,-0.003638950,0.097581288,0.000000000,
1706898898.308644,,,,7.890000000
1706898898.318787,-0.003360689,0.097544898,0.000000000,
1706898898.318832,,,,7.900000000
1706898898.329098,-0.003081572,0.097511291,0.000000000,
1706898898.329161,,,,7.910000000
1706898898.338765,-0.002801885,0.097480476,0.000000000,
1706898898.338821,,,,7.920000000
1706898898.348765,-0.002521914,0.097452457,0.000000000,
1706898898.348802,,,,7.930000000
1706898898.358846,-0.002241940,0.097427238,0.000000000,
1706898898.358888,,,,7.940000000
1706898898.368771,-0.001962245,0.097404818,0.000000000,
1706898898.368828,,,,7.950000000
1706898898.378807,-0.001683104,0.097385196,0.000000000,
1706898898.378866,,,,7.960000000
1706898898.388547,-0.001404793,0.097368365,0.000000000,
1706898898.388608,,,,7.970000000
1706898898.398570,-0.001127581,0.097354317,0.000000000,
1706898898.398617,,,,7.980000000
1706898898.408605,-0.000851737,0.097343041,0.000000000,
1706898898.408632,,,,7.990000000
1706898898.418675,-0.000577524,0.097334524,0.000000000,
1706898898.418709,,,,8.000000000
1706898898.428694,-0.000305201,0.097328748,0.000000000,
1706898898.428757,,,,8.010000000
1706898898.438499,-0.000035024,0.097325696,0.000000000,
1706898898.438516,,,,8.020000000
1706898898.448844,0.000232757,0.097325346,0.000000000,
1706898898.448881,,,,8.030000000
1706898898.458628,0.000497894,0.097327674,0.000000000,
1706898898.458678,,,,8.040000000
1706898898.468848,0.000760148,0.097332653,0.000000000,
1706898898.468897,,,,8.050000000
1706898898.478665,0.001019281,0.097340254,0.000000000,
1706898898.478722,,,,8.060000000
1706898898.489123,0.001275063,0.097350447,0.000000000,
1706898898.489195,,,,8.070000000
1706898898.498873,0.001527268,0.097363198,0.000000000,
1706898898.498927,,,,8.080000000
1706898898.509000,0.001775675,0.097378470,0.000000000,
1706898898.509053,,,,8.090000000
1706898898.518937,0.002020072,0.097396227,0.000000000,
1706898898.518979,,,,8.100000000
1706898898.528887,0.002260248,0.097416428,0.000000000,
1706898898.528926,,,,8.110000000
1706898898.538871,0.002496003,0.097439030,0.000000000,
1706898898.538935,,,,8.120000000
1706898898.549016,0.002727140,0.097463990,0.000000000,
1706898898.549064,,,,8.130000000
1706898898.558753,0.002953469,0.097491262,0.000000000,
1706898898.558797,,,,8.140000000
1706898898.568861,0.003174809,0.097520796,0.000000000,
1706898898.568908,,,,8.150000000
1706898898.578715,0.003390981,0.097552544,0.000000000,
1706898898.578752,,,,8.160000000
1706898898.588774,0.003601817,0.097586454,0.000000000,
1706898898.588831,,,,8.170000000
1706898898.598765,0.003807153,0.097622472,0.000000000,
1706898898.598833,,,,8.180000000
1706898898.608810,0.004006834,0.097660544,0.000000000,
1706898898.608886,,,,8.190000000
1706898898.618847,0.004200711,0.097700612,0.000000000,
1706898898.618957,,,,8.200000000
1706898898.628864,0.004388643,0.097742619,0.000000000,
1706898898.628934,,,,8.210000000
1706898898.638836,0.004570495,0.097786506,0.000000000,
1706898898.638923,,,,8.220000000
1706898898.648948,0.004746139,0.097832211,0.000000000,
1706898898.649051,,,,8.230000000
1706898898.658671,0.004915457,0.097879672,0.000000000,
1706898898.658733,,,,8.240000000
1706898898.668839,0.005078335,0.097928827,0.000000000,
1706898898.668894,,,,8.250000000
1706898898.678663,0.005234669,0.097979610,0.000000000,
1706898898.678707,,,,8.260000000
1706898898.688975,0.005384361,0.098031957,0.000000000,
1706898898.689044,,,,8.270000000
1706898898.699210,0.005527322,0.098085800,0.000000000,
1706898898.699307,,,,8.280000000
1706898898.708906,0.005663469,0.098141074,0.000000000,
1706898898.709007,,,,8.290000000
1706898898.718846,0.005792727,0.098197708,0.000000000,
1706898898.718936,,,,8.300000000
1706898898.728685,0.005915029,0.098255636,0.000000000,
1706898898.728757,,,,8.310000000
1706898898.738931,0.006030315,0.098314786,0.000000000,
1706898898.739025,,,,8.320000000
1706898898.748911,0.006138533,0.098375089,0.000000000,
1706898898.748999,,,,8.330000000
1706898898.758737,0.006239639,0.098436474,0.000000000,
1706898898.758818,,,,8.340000000
1706898898.768741,0.006333595,0.098498871,0.000000000,
1706898898.768804,,,,8.350000000
1706898898.778942,0.006420372,0.098562207,0.000000000,
1706898898.779027,,,,8.360000000
1706898898.788749,0.006499947,0.098626410,0.000000000,
1706898898.788822,,,,8.370000000
1706898898.798915,0.006572307,0.098691410,0.000000000,
1706898898.799003,,,,8.380000000
1706898898.808767,0.006637443,0.098757133,0.000000000,
1706898898.808852,,,,8.390000000
1706898898.818728,0.006695355,0.098823507,0.000000000,
1706898898.818819,,,,8.400000000
1706898898.828881,0.006746051,0.098890461,0.000000000,
1706898898.828983,,,,8.410000000
1706898898.838648,0.006789544,0.098957921,0.000000000,
1706898898.838722,,,,8.420000000
1706898898.848907,0.006825857,0.099025817,0.000000000,
1706898898.848989,,,,8.430000000
1706898898.858773,0.006855016,0.099094075,0.000000000,
1706898898.858864,,,,8.440000000
1706898898.869064,0.006877059,0.099162626,0.000000000,
1706898898.869180,,,,8.450000000
1706898898.878685,0.006892026,0.099231396,0.000000000,
1706898898.878769,,,,8.460000000
1706898898.888930,0.006899966,0.099300316,0.000000000,
1706898898.889045,,,,8.470000000
1706898898.898726,0.006900934,0.099369316,0.000000000,
1706898898.898790,,,,8.480000000
1706898898.908995,0.006894993,0.099438325,0.000000000,
1706898898.909075,,,,8.490000000
1706898898.919020,0.006882211,0.099507275,0.000000000,
1706898898.919102,,,,8.500000000
1706898898.928738,0.006862661,0.099576098,0.000000000,
1706898898.928795,,,,8.510000000
1706898898.938800,0.006836425,0.099644724,0.000000000,
1706898898.938904,,,,8.520000000
1706898898.948780,0.006803588,0.099713088,0.000000000,
1706898898.948844,,,,8.530000000
1706898898.959222,0.006764244,0.099781124,0.000000000,
1706898898.959334,,,,8.540000000
1706898898.969065,0.006718489,0.099848767,0.000000000,
1706898898.969199,,,,8.550000000
1706898898.979043,0.006666427,0.099915952,0.000000000,
1706898898.979172,,,,8.560000000
1706898898.988703,0.006608168,0.099982616,0.000000000,
1706898898.988808,,,,8.570000000
1706898898.998704,0.006543824,0.100048698,0.000000000,
1706898898.998772,,,,8.580000000
1706898899.008931,0.006473516,0.100114136,0.000000000,
1706898899.009024,,,,8.590000000
1706898899.018851,0.006397368,0.100178871,0.000000000,
1706898899.018986,,,,8.600000000
1706898899.028870,0.006315507,0.100242845,0.000000000,
1706898899.028975,,,,8.610000000
1706898899.038719,0.006228067,0.100306000,0.000000000,
1706898899.038804,,,,8.620000000
1706898899.048791,0.006135187,0.100368280,0.000000000,
1706898899.048866,,,,8.630000000
1706898899.058914,0.006037007,0.100429632,0.000000000,
1706898899.058990,,,,8.640000000
1706898899.069054,0.005933674,0.100490002,0.000000000,
1706898899.069117,,,,8.650000000
1706898899.078743,0.005825337,0.100549339,0.000000000,
1706898899.078786,,,,8.660000000
1706898899.088882,0.005712149,0.100607592,0.000000000,
1706898899.088923,,,,8.670000000
1706898899.099090,0.005594269,0.100664714,0.000000000,
1706898899.099167,,,,8.680000000
1706898899.108835,0.005471855,0.100720657,0.000000000,
1706898899.108886,,,,8.690000000
1706898899.118867,0.005345070,0.100775375,0.000000000,
1706898899.118928,,,,8.700000000
1706898899.128742,0.005214082,0.100828826,0.000000000,
1706898899.128779,,,,8.710000000
1706898899.138616,0.005079059,0.100880967,0.000000000,
1706898899.138650,,,,8.720000000
1706898899.148507,0.004940171,0.100931757,0.000000000,
1706898899.148538,,,,8.730000000
1706898899.158639,0.004797594,0.100981159,0.000000000,
1706898899.158659,,,,8.740000000
1706898899.169051,0.004651502,0.101029135,0.000000000,
1706898899.169120,,,,8.750000000
1706898899.178823,0.004502074,0.101075650,0.000000000,
1706898899.178873,,,,8.760000000
1706898899.188939,0.004349488,0.101120671,0.000000000,
1706898899.188993,,,,8.770000000
1706898899.198784,0.004193926,0.101164166,0.000000000,
1706898899.198827,,,,8.780000000
1706898899.208675,0.004035570,0.101206105,0.000000000,
1706898899.208716,,,,8.790000000
1706898899.219025,0.003874604,0.101246460,0.000000000,
1706898899.219094,,,,8.800000000
1706898899.228714,,,,8.810000000
1706898899.228764,0.003711212,0.101285207,0.000000000,
1706898899.238957,0.003545579,0.101322319,0.000000000,
1706898899.239001,,,,8.820000000
1706898899.248944,0.003377891,0.101357774,0.000000000,
1706898899.248988,,,,8.830000000
1706898899.258786,0.003208335,0.101391553,0.000000000,
1706898899.258815,,,,8.840000000
1706898899.268815,0.003037096,0.101423637,0.000000000,
1706898899.268895,,,,8.850000000
1706898899.278755,0.002864362,0.101454008,0.000000000,
1706898899.278797,,,,8.860000000
1706898899.289030,0.002690317,0.101482651,0.000000000,
1706898899.289079,,,,8.870000000
1706898899.299054,0.002515149,0.101509554,0.000000000,
1706898899.299098,,,,8.880000000
1706898899.308819,0.002339042,0.101534706,0.000000000,
1706898899.308851,,,,8.890000000
1706898899.318919,0.002162181,0.101558096,0.000000000,
1706898899.318986,,,,8.900000000
1706898899.329043,0.001984750,0.101579718,0.000000000,
1706898899.329107,,,,8.910000000
1706898899.339023,0.001806930,0.101599566,0.000000000,
1706898899.339083,,,,8.920000000
1706898899.349187,0.001628905,0.101617635,0.000000000,
1706898899.349269,,,,8.930000000
1706898899.358749,0.001450852,0.101633924,0.000000000,
1706898899.358791,,,,8.940000000
1706898899.368824,0.001272951,0.101648433,0.000000000,
1706898899.368885,,,,8.950000000
1706898899.378694,0.001095378,0.101661162,0.000000000,
1706898899.378737,,,,8.960000000
1706898899.388864,0.000918308,0.101672116,0.000000000,
1706898899.388929,,,,8.970000000
1706898899.398779,0.000741914,0.101681299,0.000000000,
1706898899.398843,,,,8.980000000
1706898899.408593,0.000566365,0.101688718,0.000000000,
1706898899.408647,,,,8.990000000
1706898899.418726,0.000391829,0.101694382,0.000000000,
1706898899.418808,,,,9.000000000
1706898899.428787,0.000218473,0.101698300,0.000000000,
1706898899.428872,,,,9.010000000
1706898899.438728,0.000046458,0.101700485,0.000000000,
1706898899.438830,,,,9.020000000
1706898899.449042,-0.000124055,0.101700949,0.000000000,
1706898899.449175,,,,9.030000000
1706898899.458599,-0.000292909,0.101699709,0.000000000,
1706898899.458679,,,,9.040000000
1706898899.468907,-0.000459951,0.101696780,0.000000000,
1706898899.469003,,,,9.050000000
1706898899.478992,-0.000625030,0.101692180,0.000000000,
1706898899.479126,,,,9.060000000
1706898899.488876,-0.000787997,0.101685930,0.000000000,
1706898899.488988,,,,9.070000000
1706898899.498615,-0.000948710,0.101678050,0.000000000,
1706898899.498700,,,,9.080000000
1706898899.508733,-0.001107028,0.101668563,0.000000000,
1706898899.508818,,,,9.090000000
1706898899.518761,-0.001262814,0.101657492,0.000000000,
1706898899.518844,,,,9.100000000
1706898899.528801,-0.001415935,0.101644864,0.000000000,
1706898899.528898,,,,9.110000000
1706898899.538662,-0.001566263,0.101630705,0.000000000,
1706898899.538775,,,,9.120000000
1706898899.548900,-0.001713670,0.101615042,0.000000000,
1706898899.549023,,,,9.130000000
1706898899.558649,-0.001858038,0.101597906,0.000000000,
1706898899.558728,,,,9.140000000
1706898899.569012,-0.001999248,0.101579325,0.000000000,
1706898899.569117,,,,9.150000000
1706898899.578813,-0.002137188,0.101559333,0.000000000,
1706898899.578946,,,,9.160000000
1706898899.588622,-0.002271750,0.101537961,0.000000000,
1706898899.588717,,,,9.170000000
1706898899.598614,-0.002402828,0.101515243,0.000000000,
1706898899.598713,,,,9.180000000
1706898899.608713,-0.002530324,0.101491215,0.000000000,
1706898899.608806,,,,9.190000000
1706898899.618779,-0.002654142,0.101465912,0.000000000,
1706898899.618891,,,,9.200000000
1706898899.628780,-0.002774192,0.101439370,0.000000000,
1706898899.628871,,,,9.210000000
1706898899.638608,-0.002890387,0.101411629,0.000000000,
1706898899.638695,,,,9.220000000
1706898899.648822,-0.003002646,0.101382725,0.000000000,
1706898899.648958,,,,9.230000000
1706898899.658643,-0.003110892,0.101352698,0.000000000,
1706898899.658725,,,,9.240000000
1706898899.668717,-0.003215053,0.101321589,0.000000000,
1706898899.668813,,,,9.250000000
1706898899.678811,-0.003315062,0.101289439,0.000000000,
1706898899.678926,,,,9.260000000
1706898899.688717,-0.003410855,0.101256288,0.000000000,
1706898899.688793,,,,9.270000000
1706898899.698662,-0.003502375,0.101222180,0.000000000,
1706898899.698755,,,,9.280000000
1706898899.708650,-0.003589569,0.101187156,0.000000000,
1706898899.708723,,,,9.290000000
1706898899.718809,-0.003672389,0.101151260,0.000000000,
1706898899.718886,,,,9.300000000
1706898899.728761,-0.003750791,0.101114536,0.000000000,
1706898899.728856,,,,9.310000000
1706898899.738601,-0.003824737,0.101077028,0.000000000,
1706898899.738685,,,,9.320000000
1706898899.748696,-0.003894193,0.101038781,0.000000000,
1706898899.748772,,,,9.330000000
1706898899.758635,-0.003959129,0.100999839,0.000000000,
1706898899.758713,,,,9.340000000
1706898899.768898,-0.004019521,0.100960248,0.000000000,
1706898899.769037,,,,9.350000000
1706898899.778777,-0.004075351,0.100920053,0.000000000,
1706898899.778889,,,,9.360000000
1706898899.788766,-0.004126603,0.100879299,0.000000000,
1706898899.788855,,,,9.370000000
1706898899.798659,-0.004173267,0.100838033,0.000000000,
1706898899.798772,,,,9.380000000
1706898899.808617,-0.004215337,0.100796300,0.000000000,
1706898899.808684,,,,9.390000000
1706898899.818729,-0.004252814,0.100754147,0.000000000,
1706898899.818815,,,,9.400000000
1706898899.828594,-0.004285700,0.100711619,0.000000000,
1706898899.828675,,,,9.410000000
1706898899.838615,-0.004314005,0.100668762,0.000000000,
1706898899.838714,,,,9.420000000
1706898899.848750,-0.004337741,0.100625622,0.000000000,
1706898899.848820,,,,9.430000000
1706898899.858619,-0.004356926,0.100582244,0.000000000,
1706898899.858666,,,,9.440000000
1706898899.869024,-0.004371581,0.100538675,0.000000000,
1706898899.869105,,,,9.450000000
1706898899.878862,-0.004381733,0.100494959,0.000000000,
1706898899.878942,,,,9.460000000
1706898899.888742,-0.004387412,0.100451142,0.000000000,
1706898899.888791,,,,9.470000000
1706898899.898563,-0.004388652,0.100407268,0.000000000,
1706898899.898602,,,,9.480000000
1706898899.908565,-0.004385492,0.100363381,0.000000000,
1706898899.908600,,,,9.490000000
1706898899.918740,-0.004377975,0.100319526,0.000000000,
1706898899.918798,,,,9.500000000
1706898899.928778,-0.004366148,0.100275747,0.000000000,
1706898899.928831,,,,9.510000000
1706898899.938593,-0.004350061,0.100232085,0.000000000,
1706898899.938637,,,,9.520000000
1706898899.948607,-0.004329769,0.100188585,0.000000000,
1706898899.948643,,,,9.530000000
1706898899.958677,-0.004305330,0.100145287,0.000000000,
1706898899.958726,,,,9.540000000
1706898899.968811,-0.004276805,0.100102234,0.000000000,
1706898899.968878,,,,9.550000000
1706898899.978595,,,,9.560000000
1706898899.978846,-0.004244261,0.100059466,0.000000000,
1706898899.988689,-0.004207765,0.100017023,0.000000000,
1706898899.988735,,,,9.570000000
1706898899.998608,-0.004167389,0.099974945,0.000000000,
1706898899.998671,,,,9.580000000
1706898900.008660,-0.004123210,0.099933271,0.000000000,
1706898900.008708,,,,9.590000000
1706898900.018866,-0.004075305,0.099892039,0.000000000,
1706898900.018931,,,,9.600000000
1706898900.029200,-0.004023756,0.099851286,0.000000000,
1706898900.029295,,,,9.610000000
1706898900.038792,-0.003968647,0.099811049,0.000000000,
1706898900.038877,,,,9.620000000
1706898900.048874,-0.003910065,0.099771362,0.000000000,
1706898900.048947,,,,9.630000000
1706898900.058589,-0.003848101,0.099732262,0.000000000,
1706898900.058657,,,,9.640000000
1706898900.068764,-0.003782846,0.099693781,0.000000000,
1706898900.068829,,,,9.650000000
1706898900.078574,-0.003714396,0.099655952,0.000000000,
1706898900.078614,,,,9.660000000
1706898900.088845,-0.003642847,0.099618808,0.000000000,
1706898900.088914,,,,9.670000000
1706898900.098569,-0.003568299,0.099582380,0.000000000,
1706898900.098618,,,,9.680000000
1706898900.108517,-0.003490854,0.099546697,0.000000000,
1706898900.108553,,,,9.690000000
1706898900.118541,-0.003410615,0.099511788,0.000000000,
1706898900.118575,,,,9.700000000
1706898900.128614,-0.003327688,0.099477682,0.000000000,
1706898900.128645,,,,9.710000000
1706898900.138713,-0.003242179,0.099444405,0.000000000,
1706898900.138781,,,,9.720000000
1706898900.148758,-0.003154198,0.099411983,0.000000000,
1706898900.148813,,,,9.730000000
1706898900.158719,-0.003063854,0.099380441,0.000000000,
1706898900.158803,,,,9.740000000
1706898900.168867,-0.002971260,0.099349803,0.000000000,
1706898900.168938,,,,9.750000000
1706898900.178723,-0.002876528,0.099320090,0.000000000,
1706898900.178780,,,,9.760000000
1706898900.189203,-0.002779771,0.099291325,0.000000000,
1706898900.189284,,,,9.770000000
1706898900.198721,-0.002681106,0.099263527,0.000000000,
1706898900.198792,,,,9.780000000
1706898900.208738,-0.002580648,0.099236716,0.000000000,
1706898900.208806,,,,9.790000000
1706898900.218810,-0.002478513,0.099210910,0.000000000,
1706898900.218879,,,,9.800000000
1706898900.228687,-0.002374819,0.099186125,0.000000000,
1706898900.228751,,,,9.810000000
1706898900.238605,-0.002269683,0.099162376,0.000000000,
1706898900.238654,,,,9.820000000
1706898900.248939,-0.002163224,0.099139680,0.000000000,
1706898900.249022,,,,9.830000000
1706898900.258571,-0.002055559,0.099118047,0.000000000,
1706898900.258636,,,,9.840000000
1706898900.268769,-0.001946809,0.099097492,0.000000000,
1706898900.268835,,,,9.850000000
1706898900.278983,-0.001837090,0.099078024,0.000000000,
1706898900.279067,,,,9.860000000
1706898900.288922,-0.001726521,0.099059653,0.000000000,
1706898900.288987,,,,9.870000000
1706898900.298990,-0.001615221,0.099042387,0.000000000,
1706898900.299089,,,,9.880000000
1706898900.308863,-0.001503308,0.099026235,0.000000000,
1706898900.308936,,,,9.890000000
1706898900.318866,-0.001390898,0.099011202,0.000000000,
1706898900.318931,,,,9.900000000
1706898900.328754,-0.001278109,0.098997293,0.000000000,
1706898900.328815,,,,9.910000000
1706898900.338743,-0.001165058,0.098984512,0.000000000,
1706898900.338795,,,,9.920000000
1706898900.349022,-0.001051858,0.098972862,0.000000000,
1706898900.349105,,,,9.930000000
1706898900.358858,-0.000938626,0.098962343,0.000000000,
1706898900.358928,,,,9.940000000
1706898900.368909,-0.000825474,0.098952957,0.000000000,
1706898900.368983,,,,9.950000000
1706898900.378829,-0.000712515,0.098944702,0.000000000,
1706898900.378894,,,,9.960000000
1706898900.389043,-0.000599860,0.098937577,0.000000000,
1706898900.389136,,,,9.970000000
1706898900.398884,-0.000487619,0.098931578,0.000000000,
1706898900.398968,,,,9.980000000
1706898900.408931,-0.000375901,0.098926702,0.000000000,
1706898900.409013,,,,9.990000000
1706898900.419075,-0.000264812,0.098922943,0.000000000,
1706898900.419164,,,,10.000000000
1706898900.428802,-0.000154458,0.098920295,0.000000000,
1706898900.428858,,,,10.010000000
1706898900.438847,-0.000044943,0.098918750,0.000000000,
1706898900.438913,,,,10.020000000
1706898900.448819,0.000063632,0.098918301,0.000000000,
1706898900.448868,,,,10.030000000
1706898900.458726,0.000171165,0.098918937,0.000000000,
1706898900.458769,,,,10.040000000
1706898900.468816,0.000277560,0.098920649,0.000000000,
1706898900.468861,,,,10.050000000
1706898900.478758,0.000382719,0.098923424,0.000000000,
1706898900.478798,,,,10.060000000
1706898900.488961,0.000486550,0.098927252,0.000000000,
1706898900.489024,,,,10.070000000
1706898900.498931,0.000588959,0.098932117,0.000000000,
1706898900.498996,,,,10.080000000
1706898900.508815,0.000689858,0.098938007,0.000000000,
1706898900.508853,,,,10.090000000
1706898900.518789,0.000789158,0.098944905,0.000000000,
1706898900.518827,,,,10.100000000
1706898900.528670,0.000886776,0.098952797,0.000000000,
1706898900.528699,,,,10.110000000
1706898900.538923,0.000982629,0.098961665,0.000000000,
1706898900.538986,,,,10.120000000
1706898900.548903,0.001076636,0.098971491,0.000000000,
1706898900.548950,,,,10.130000000
1706898900.558753,0.001168721,0.098982257,0.000000000,
1706898900.558814,,,,10.140000000
1706898900.568823,0.001258808,0.098993945,0.000000000,
1706898900.568867,,,,10.150000000
1706898900.578616,0.001346825,0.099006533,0.000000000,
1706898900.578662,,,,10.160000000
1706898900.588991,0.001432704,0.099020001,0.000000000,
1706898900.589061,,,,10.170000000
1706898900.598934,0.001516377,0.099034328,0.000000000,
1706898900.599007,,,,10.180000000
1706898900.608913,0.001597780,0.099049492,0.000000000,
1706898900.608970,,,,10.190000000
1706898900.619082,0.001676853,0.099065469,0.000000000,
1706898900.619167,,,,10.200000000
1706898900.628817,0.001753538,0.099082238,0.000000000,
1706898900.628865,,,,10.210000000
1706898900.638959,0.001827778,0.099099773,0.000000000,
1706898900.639024,,,,10.220000000
1706898900.648668,0.001899523,0.099118051,0.000000000,
1706898900.648718,,,,10.230000000
1706898900.658759,0.001968723,0.099137046,0.000000000,
1706898900.658809,,,,10.240000000
1706898900.668735,0.002035331,0.099156734,0.000000000,
1706898900.668778,,,,10.250000000
1706898900.678907,0.002099304,0.099177087,0.000000000,
1706898900.678970,,,,10.260000000
1706898900.688811,0.002160603,0.099198080,0.000000000,
1706898900.688860,,,,10.270000000
1706898900.698842,0.002219189,0.099219686,0.000000000,
1706898900.698913,,,,10.280000000
1706898900.708956,0.002275028,0.099241878,0.000000000,
1706898900.709012,,,,10.290000000
1706898900.718916,0.002328090,0.099264628,0.000000000,
1706898900.718961,,,,10.300000000
1706898900.728683,0.002378346,0.099287909,0.000000000,
1706898900.728728,,,,10.310000000
1706898900.738786,0.002425772,0.099311692,0.000000000,
1706898900.738847,,,,10.320000000
1706898900.748711,0.002470345,0.099335950,0.000000000,
1706898900.748758,,,,10.330000000
1706898900.758887,0.002512047,0.099360654,0.000000000,
1706898900.758968,,,,10.340000000
1706898900.768701,0.002550861,0.099385774,0.000000000,
1706898900.768740,,,,10.350000000
1706898900.778557,0.002586775,0.099411283,0.000000000,
1706898900.778597,,,,10.360000000
1706898900.788916,0.002619779,0.099437150,0.000000000,
1706898900.788982,,,,10.370000000
1706898900.798703,0.002649866,0.099463348,0.000000000,
1706898900.798743,,,,10.380000000
1706898900.808804,0.002677032,0.099489847,0.000000000,
1706898900.808850,,,,10.390000000
1706898900.818759,0.002701277,0.099516617,0.000000000,
1706898900.818818,,,,10.400000000
1706898900.828876,0.002722603,0.099543630,0.000000000,
1706898900.828929,,,,10.410000000
1706898900.838715,0.002741014,0.099570856,0.000000000,
1706898900.838756,,,,10.420000000
1706898900.848744,0.002756518,0.099598266,0.000000000,
1706898900.848784,,,,10.430000000
1706898900.858734,0.002769126,0.099625831,0.000000000,
1706898900.858798,,,,10.440000000
1706898900.868792,0.002778852,0.099653523,0.000000000,
1706898900.868880,,,,10.450000000
1706898900.878760,0.002785711,0.099681311,0.000000000,
1706898900.878830,,,,10.460000000
1706898900.888587,0.002789723,0.099709168,0.000000000,
1706898900.888621,,,,10.470000000
1706898900.898781,0.002790909,0.099737066,0.000000000,
1706898900.898823,,,,10.480000000
1706898900.908893,0.002789293,0.099764975,0.000000000,
1706898900.908952,,,,10.490000000
1706898900.918689,0.002784903,0.099792868,0.000000000,
1706898900.918730,,,,10.500000000
1706898900.928737,0.002777767,0.099820717,0.000000000,
1706898900.928812,,,,10.510000000
1706898900.938676,0.002767918,0.099848494,0.000000000,
1706898900.938744,,,,10.520000000
1706898900.948692,0.002755389,0.099876173,0.000000000,
1706898900.948771,,,,10.530000000
1706898900.958929,0.002740218,0.099903727,0.000000000,
1706898900.959026,,,,10.540000000
1706898900.968810,0.002722443,0.099931129,0.000000000,
1706898900.968884,,,,10.550000000
1706898900.978770,0.002702106,0.099958354,0.000000000,
1706898900.978886,,,,10.560000000
1706898900.988937,0.002679249,0.099985375,0.000000000,
1706898900.989021,,,,10.570000000
1706898900.998745,0.002653919,0.100012167,0.000000000,
1706898900.998834,,,,10.580000000
1706898901.008601,0.002626163,0.100038707,0.000000000,
1706898901.008779,,,,10.590000000
1706898901.019000,0.002596031,0.100064968,0.000000000,
1706898901.019074,,,,10.600000000
1706898901.028726,0.002563574,0.100090929,0.000000000,
1706898901.028780,,,,10.610000000
1706898901.038646,0.002528845,0.100116564,0.000000000,
1706898901.038693,,,,10.620000000
1706898901.048808,0.002491900,0.100141853,0.000000000,
1706898901.048867,,,,10.630000000
1706898901.058638,0.002452796,0.100166772,0.000000000,
1706898901.058686,,,,10.640000000
1706898901.068913,0.002411591,0.100191300,0.000000000,
1706898901.068976,,,,10.650000000
1706898901.078794,0.002368345,0.100215416,0.000000000,
1706898901.078861,,,,10.660000000
1706898901.088702,0.002323120,0.100239099,0.000000000,
1706898901.088732,,,,10.670000000
1706898901.098840,0.002275979,0.100262330,0.000000000,
1706898901.098894,,,,10.680000000
1706898901.108775,0.002226986,0.100285090,0.000000000,
1706898901.108855,,,,10.690000000
1706898901.118670,0.002176207,0.100307360,0.000000000,
1706898901.118736,,,,10.700000000
1706898901.128792,0.002123709,0.100329122,0.000000000,
1706898901.128842,,,,10.710000000
1706898901.138832,0.002069560,0.100350359,0.000000000,
1706898901.138887,,,,10.720000000
1706898901.148948,0.002013828,0.100371055,0.000000000,
1706898901.149021,,,,10.730000000
1706898901.158759,0.001956585,0.100391193,0.000000000,
1706898901.158823,,,,10.740000000
